exp,set,idx,n,method,seed,weight,size,runtime,valid
W1,ba_n100,0,100,weighted_greedy,,351.0,18,0.0003049000006285496,True
W1,ba_n100,0,100,weighted_greedy_rr,,340.0,16,0.00029150000045774505,True
W1,ba_n100,0,100,weighted_greedy_rr_ls,,334.0,15,0.0012260000003152527,True
W1,ba_n100,0,100,unweighted_greedy_rr,,669.0,13,0.0002189999977417756,True
W1,ba_n100,0,100,rl_rr,0.0,340.0,16,0.1659231000012369,True
W1,ba_n100,0,100,rl_rr_ls,0.0,334.0,15,0.16702530000111437,True
W1,ba_n100,0,100,rl_rr_k16,0.0,334.0,15,0.11892840000291471,True
W1,ba_n100,0,100,rl_rr_ls_k16,0.0,334.0,15,0.11143239999728394,True
W1,ba_n100,0,100,old_tds_model_rr,0.0,606.0,12,0.028383200002281228,True
W1,ba_n100,0,100,rl_rr,1.0,388.0,15,0.03481169999940903,True
W1,ba_n100,0,100,rl_rr_ls,1.0,388.0,15,0.035819099997752346,True
W1,ba_n100,0,100,rl_rr_k16,1.0,334.0,15,0.10781929999939166,True
W1,ba_n100,0,100,rl_rr_ls_k16,1.0,334.0,15,0.10647370000151568,True
W1,ba_n100,0,100,old_tds_model_rr,1.0,602.0,12,0.026381699994090013,True
W1,ba_n100,1,100,weighted_greedy,,641.0,24,0.00020710000171675347,True
W1,ba_n100,1,100,weighted_greedy_rr,,609.0,21,0.0002815000007103663,True
W1,ba_n100,1,100,weighted_greedy_rr_ls,,609.0,21,0.0012444999993022066,True
W1,ba_n100,1,100,unweighted_greedy_rr,,803.0,15,0.0002409999979136046,True
W1,ba_n100,1,100,rl_rr,0.0,556.0,19,0.044510299998364644,True
W1,ba_n100,1,100,rl_rr_ls,0.0,555.0,19,0.04614159999982803,True
W1,ba_n100,1,100,rl_rr_k16,0.0,555.0,19,0.12136879999889061,True
W1,ba_n100,1,100,rl_rr_ls_k16,0.0,555.0,19,0.12143709999872954,True
W1,ba_n100,1,100,old_tds_model_rr,0.0,822.0,15,0.03289220000078785,True
W1,ba_n100,1,100,rl_rr,1.0,552.0,17,0.03915670000060345,True
W1,ba_n100,1,100,rl_rr_ls,1.0,552.0,17,0.04018960000030347,True
W1,ba_n100,1,100,rl_rr_k16,1.0,546.0,15,0.11271330000090529,True
W1,ba_n100,1,100,rl_rr_ls_k16,1.0,546.0,15,0.11434920000101556,True
W1,ba_n100,1,100,old_tds_model_rr,1.0,834.0,15,0.030982899999798974,True
W1,ba_n100,2,100,weighted_greedy,,385.0,18,0.00020420000146259554,True
W1,ba_n100,2,100,weighted_greedy_rr,,379.0,17,0.00024280000070575625,True
W1,ba_n100,2,100,weighted_greedy_rr_ls,,379.0,17,0.001127800001995638,True
W1,ba_n100,2,100,unweighted_greedy_rr,,669.0,13,0.00022979999994277023,True
W1,ba_n100,2,100,rl_rr,0.0,387.0,17,0.03776279999874532,True
W1,ba_n100,2,100,rl_rr_ls,0.0,379.0,17,0.03945249999742373,True
W1,ba_n100,2,100,rl_rr_k16,0.0,384.0,17,0.1101252000007662,True
W1,ba_n100,2,100,rl_rr_ls_k16,0.0,379.0,17,0.11271929999929853,True
W1,ba_n100,2,100,old_tds_model_rr,0.0,661.0,13,0.03045389999897452,True
W1,ba_n100,2,100,rl_rr,1.0,386.0,17,0.03994389999934356,True
W1,ba_n100,2,100,rl_rr_ls,1.0,379.0,17,0.04167779999988852,True
W1,ba_n100,2,100,rl_rr_k16,1.0,386.0,17,0.11698889999752282,True
W1,ba_n100,2,100,rl_rr_ls_k16,1.0,379.0,17,0.12067609999940032,True
W1,ba_n100,2,100,old_tds_model_rr,1.0,705.0,13,0.02823050000006333,True
W1,ba_n100,3,100,weighted_greedy,,402.0,15,0.0002705000006244518,True
W1,ba_n100,3,100,weighted_greedy_rr,,402.0,15,0.00024760000087553635,True
W1,ba_n100,3,100,weighted_greedy_rr_ls,,402.0,15,0.0011231000025873072,True
W1,ba_n100,3,100,unweighted_greedy_rr,,644.0,13,0.00023599999985890463,True
W1,ba_n100,3,100,rl_rr,0.0,402.0,15,0.030955599999288097,True
W1,ba_n100,3,100,rl_rr_ls,0.0,402.0,15,0.031861100000242004,True
W1,ba_n100,3,100,rl_rr_k16,0.0,402.0,15,0.08899430000019493,True
W1,ba_n100,3,100,rl_rr_ls_k16,0.0,402.0,15,0.08738109999831067,True
W1,ba_n100,3,100,old_tds_model_rr,0.0,600.0,13,0.027701700000761775,True
W1,ba_n100,3,100,rl_rr,1.0,402.0,15,0.029337000003579305,True
W1,ba_n100,3,100,rl_rr_ls,1.0,402.0,15,0.0302724000030139,True
W1,ba_n100,3,100,rl_rr_k16,1.0,400.0,13,0.08908149999842863,True
W1,ba_n100,3,100,rl_rr_ls_k16,1.0,400.0,13,0.08963880000010249,True
W1,ba_n100,3,100,old_tds_model_rr,1.0,626.0,13,0.029836300000170013,True
W1,ba_n100,4,100,weighted_greedy,,469.0,20,0.0002037999984167982,True
W1,ba_n100,4,100,weighted_greedy_rr,,430.0,15,0.00026140000045415945,True
W1,ba_n100,4,100,weighted_greedy_rr_ls,,407.0,15,0.0017279999992751982,True
W1,ba_n100,4,100,unweighted_greedy_rr,,669.0,14,0.0002303000001120381,True
W1,ba_n100,4,100,rl_rr,0.0,407.0,15,0.033256800001254305,True
W1,ba_n100,4,100,rl_rr_ls,0.0,407.0,15,0.03411030000279425,True
W1,ba_n100,4,100,rl_rr_k16,0.0,407.0,15,0.11036929999681888,True
W1,ba_n100,4,100,rl_rr_ls_k16,0.0,407.0,15,0.11213450000286684,True
W1,ba_n100,4,100,old_tds_model_rr,0.0,794.0,14,0.03053350000118371,True
W1,ba_n100,4,100,rl_rr,1.0,475.0,16,0.03726470000037807,True
W1,ba_n100,4,100,rl_rr_ls,1.0,461.0,14,0.03984610000043176,True
W1,ba_n100,4,100,rl_rr_k16,1.0,438.0,19,0.11571799999728682,True
W1,ba_n100,4,100,rl_rr_ls_k16,1.0,438.0,19,0.1162510000031034,True
W1,ba_n100,4,100,old_tds_model_rr,1.0,545.0,15,0.032419499999377877,True
W1,ba_n100,5,100,weighted_greedy,,639.0,26,0.0003063000003749039,True
W1,ba_n100,5,100,weighted_greedy_rr,,587.0,22,0.00028979999842704274,True
W1,ba_n100,5,100,weighted_greedy_rr_ls,,575.0,21,0.0014394999998330604,True
W1,ba_n100,5,100,unweighted_greedy_rr,,847.0,14,0.00023370000053546391,True
W1,ba_n100,5,100,rl_rr,0.0,517.0,17,0.03781620000154362,True
W1,ba_n100,5,100,rl_rr_ls,0.0,505.0,16,0.038867900002514943,True
W1,ba_n100,5,100,rl_rr_k16,0.0,517.0,17,0.11969009999666014,True
W1,ba_n100,5,100,rl_rr_ls_k16,0.0,505.0,16,0.12157640000077663,True
W1,ba_n100,5,100,old_tds_model_rr,0.0,867.0,15,0.031240899999829708,True
W1,ba_n100,5,100,rl_rr,1.0,517.0,17,0.04474860000118497,True
W1,ba_n100,5,100,rl_rr_ls,1.0,505.0,16,0.04604349999863189,True
W1,ba_n100,5,100,rl_rr_k16,1.0,505.0,16,0.13498230000186595,True
W1,ba_n100,5,100,rl_rr_ls_k16,1.0,505.0,16,0.13428769999882206,True
W1,ba_n100,5,100,old_tds_model_rr,1.0,776.0,14,0.029203600002801977,True
W1,ba_n100,6,100,weighted_greedy,,460.0,16,0.0002356000004510861,True
W1,ba_n100,6,100,weighted_greedy_rr,,406.0,13,0.00024850000045262277,True
W1,ba_n100,6,100,weighted_greedy_rr_ls,,406.0,13,0.0011283999992883764,True
W1,ba_n100,6,100,unweighted_greedy_rr,,455.0,11,0.000221800000872463,True
W1,ba_n100,6,100,rl_rr,0.0,431.0,15,0.03266809999695397,True
W1,ba_n100,6,100,rl_rr_ls,0.0,431.0,15,0.03368379999665194,True
W1,ba_n100,6,100,rl_rr_k16,0.0,431.0,15,0.0971164000002318,True
W1,ba_n100,6,100,rl_rr_ls_k16,0.0,431.0,15,0.09753970000019763,True
W1,ba_n100,6,100,old_tds_model_rr,0.0,563.0,11,0.02418530000068131,True
W1,ba_n100,6,100,rl_rr,1.0,408.0,14,0.03154030000223429,True
W1,ba_n100,6,100,rl_rr_ls,1.0,406.0,13,0.03297910000037518,True
W1,ba_n100,6,100,rl_rr_k16,1.0,406.0,13,0.09620560000257683,True
W1,ba_n100,6,100,rl_rr_ls_k16,1.0,406.0,13,0.09835220000240952,True
W1,ba_n100,6,100,old_tds_model_rr,1.0,539.0,11,0.024024100002861815,True
W1,ba_n100,7,100,weighted_greedy,,498.0,24,0.00026590000197757035,True
W1,ba_n100,7,100,weighted_greedy_rr,,472.0,19,0.00027290000070934184,True
W1,ba_n100,7,100,weighted_greedy_rr_ls,,472.0,19,0.001132800000050338,True
W1,ba_n100,7,100,unweighted_greedy_rr,,783.0,14,0.00023289999808184803,True
W1,ba_n100,7,100,rl_rr,0.0,464.0,18,0.04777990000002319,True
W1,ba_n100,7,100,rl_rr_ls,0.0,464.0,18,0.04865299999801209,True
W1,ba_n100,7,100,rl_rr_k16,0.0,462.0,17,0.12930490000144346,True
W1,ba_n100,7,100,rl_rr_ls_k16,0.0,462.0,17,0.12905049999972107,True
W1,ba_n100,7,100,old_tds_model_rr,0.0,665.0,13,0.028530900002806447,True
W1,ba_n100,7,100,rl_rr,1.0,565.0,18,0.04484279999815044,True
W1,ba_n100,7,100,rl_rr_ls,1.0,536.0,16,0.04602259999956004,True
W1,ba_n100,7,100,rl_rr_k16,1.0,474.0,17,0.1325606999998854,True
W1,ba_n100,7,100,rl_rr_ls_k16,1.0,461.0,15,0.13237080000180868,True
W1,ba_n100,7,100,old_tds_model_rr,1.0,689.0,13,0.02936309999859077,True
W1,ba_n100,8,100,weighted_greedy,,383.0,22,0.00019350000002305023,True
W1,ba_n100,8,100,weighted_greedy_rr,,362.0,18,0.0002558999985922128,True
W1,ba_n100,8,100,weighted_greedy_rr_ls,,352.0,17,0.0012597999993886333,True
W1,ba_n100,8,100,unweighted_greedy_rr,,766.0,16,0.00023189999774331227,True
W1,ba_n100,8,100,rl_rr,0.0,352.0,17,0.0371928000022308,True
W1,ba_n100,8,100,rl_rr_ls,0.0,352.0,17,0.03813520000403514,True
W1,ba_n100,8,100,rl_rr_k16,0.0,352.0,17,0.11133170000175596,True
W1,ba_n100,8,100,rl_rr_ls_k16,0.0,352.0,17,0.1154047999989416,True
W1,ba_n100,8,100,old_tds_model_rr,0.0,613.0,16,0.035132100001646904,True
W1,ba_n100,8,100,rl_rr,1.0,393.0,19,0.042359099999885075,True
W1,ba_n100,8,100,rl_rr_ls,1.0,365.0,18,0.044275399999605725,True
W1,ba_n100,8,100,rl_rr_k16,1.0,362.0,18,0.12744110000130604,True
W1,ba_n100,8,100,rl_rr_ls_k16,1.0,352.0,17,0.12391199999910896,True
W1,ba_n100,8,100,old_tds_model_rr,1.0,584.0,15,0.03208439999798429,True
W1,ba_n100,9,100,weighted_greedy,,458.0,20,0.00025630000163801014,True
W1,ba_n100,9,100,weighted_greedy_rr,,446.0,16,0.0002592000018921681,True
W1,ba_n100,9,100,weighted_greedy_rr_ls,,440.0,16,0.0019019999999727588,True
W1,ba_n100,9,100,unweighted_greedy_rr,,775.0,14,0.00022869999884278513,True
W1,ba_n100,9,100,rl_rr,0.0,446.0,14,0.03157660000215401,True
W1,ba_n100,9,100,rl_rr_ls,0.0,422.0,13,0.032574600001680665,True
W1,ba_n100,9,100,rl_rr_k16,0.0,422.0,13,0.09454570000161766,True
W1,ba_n100,9,100,rl_rr_ls_k16,0.0,422.0,13,0.09772390000216546,True
W1,ba_n100,9,100,old_tds_model_rr,0.0,740.0,13,0.029126400000677677,True
W1,ba_n100,9,100,rl_rr,1.0,441.0,16,0.035093400001642294,True
W1,ba_n100,9,100,rl_rr_ls,1.0,440.0,16,0.03673710000293795,True
W1,ba_n100,9,100,rl_rr_k16,1.0,422.0,13,0.10558219999802532,True
W1,ba_n100,9,100,rl_rr_ls_k16,1.0,422.0,13,0.10663209999984247,True
W1,ba_n100,9,100,old_tds_model_rr,1.0,741.0,14,0.030154899999615736,True
W1,ba_n100,10,100,weighted_greedy,,428.0,20,0.00020470000163186342,True
W1,ba_n100,10,100,weighted_greedy_rr,,419.0,19,0.00026619999698596075,True
W1,ba_n100,10,100,weighted_greedy_rr_ls,,411.0,17,0.001248299999133451,True
W1,ba_n100,10,100,unweighted_greedy_rr,,684.0,11,0.00024029999985941686,True
W1,ba_n100,10,100,rl_rr,0.0,409.0,17,0.04046379999999772,True
W1,ba_n100,10,100,rl_rr_ls,0.0,409.0,17,0.041490500003419584,True
W1,ba_n100,10,100,rl_rr_k16,0.0,409.0,17,0.12278869999863673,True
W1,ba_n100,10,100,rl_rr_ls_k16,0.0,409.0,17,0.12679890000072191,True
W1,ba_n100,10,100,old_tds_model_rr,0.0,684.0,11,0.023925499997858424,True
W1,ba_n100,10,100,rl_rr,1.0,409.0,17,0.042250300000887364,True
W1,ba_n100,10,100,rl_rr_ls,1.0,409.0,17,0.04323030000159633,True
W1,ba_n100,10,100,rl_rr_k16,1.0,397.0,16,0.11380999999892083,True
W1,ba_n100,10,100,rl_rr_ls_k16,1.0,397.0,16,0.11695659999895724,True
W1,ba_n100,10,100,old_tds_model_rr,1.0,684.0,11,0.02448530000037863,True
W1,ba_n100,11,100,weighted_greedy,,304.0,18,0.00022769999850424938,True
W1,ba_n100,11,100,weighted_greedy_rr,,283.0,15,0.00025019999884534627,True
W1,ba_n100,11,100,weighted_greedy_rr_ls,,283.0,15,0.001158499999291962,True
W1,ba_n100,11,100,unweighted_greedy_rr,,450.0,15,0.00024979999943752773,True
W1,ba_n100,11,100,rl_rr,0.0,283.0,15,0.03334689999974216,True
W1,ba_n100,11,100,rl_rr_ls,0.0,283.0,15,0.03426500000205124,True
W1,ba_n100,11,100,rl_rr_k16,0.0,283.0,15,0.09632849999979953,True
W1,ba_n100,11,100,rl_rr_ls_k16,0.0,283.0,15,0.09828389999893261,True
W1,ba_n100,11,100,old_tds_model_rr,0.0,399.0,14,0.030014000003575347,True
W1,ba_n100,11,100,rl_rr,1.0,286.0,15,0.034076600004482316,True
W1,ba_n100,11,100,rl_rr_ls,1.0,283.0,15,0.035753800002567004,True
W1,ba_n100,11,100,rl_rr_k16,1.0,283.0,15,0.09963109999807784,True
W1,ba_n100,11,100,rl_rr_ls_k16,1.0,283.0,15,0.1001823999977205,True
W1,ba_n100,11,100,old_tds_model_rr,1.0,421.0,13,0.028290099999139784,True
W1,ba_n100,12,100,weighted_greedy,,435.0,20,0.00028640000164159574,True
W1,ba_n100,12,100,weighted_greedy_rr,,405.0,15,0.00028169999859528616,True
W1,ba_n100,12,100,weighted_greedy_rr_ls,,372.0,14,0.0016056999993452337,True
W1,ba_n100,12,100,unweighted_greedy_rr,,504.0,12,0.0002220999995188322,True
W1,ba_n100,12,100,rl_rr,0.0,370.0,12,0.02562960000068415,True
W1,ba_n100,12,100,rl_rr_ls,0.0,364.0,12,0.027200600001378916,True
W1,ba_n100,12,100,rl_rr_k16,0.0,364.0,12,0.08103340000161552,True
W1,ba_n100,12,100,rl_rr_ls_k16,0.0,364.0,12,0.08281720000013593,True
W1,ba_n100,12,100,old_tds_model_rr,0.0,470.0,12,0.02510009999969043,True
W1,ba_n100,12,100,rl_rr,1.0,382.0,15,0.02883829999700538,True
W1,ba_n100,12,100,rl_rr_ls,1.0,372.0,14,0.03082459999859566,True
W1,ba_n100,12,100,rl_rr_k16,1.0,372.0,14,0.08661360000041896,True
W1,ba_n100,12,100,rl_rr_ls_k16,1.0,372.0,14,0.08787479999955394,True
W1,ba_n100,12,100,old_tds_model_rr,1.0,477.0,12,0.024762400000327034,True
W1,ba_n100,13,100,weighted_greedy,,437.0,18,0.0002007000002777204,True
W1,ba_n100,13,100,weighted_greedy_rr,,420.0,14,0.00028329999986453913,True
W1,ba_n100,13,100,weighted_greedy_rr_ls,,420.0,14,0.001094100000045728,True
W1,ba_n100,13,100,unweighted_greedy_rr,,660.0,12,0.00023739999960525893,True
W1,ba_n100,13,100,rl_rr,0.0,420.0,14,0.03417690000060247,True
W1,ba_n100,13,100,rl_rr_ls,0.0,420.0,14,0.03505399999994552,True
W1,ba_n100,13,100,rl_rr_k16,0.0,420.0,14,0.09852070000124513,True
W1,ba_n100,13,100,rl_rr_ls_k16,0.0,420.0,14,0.09938580000016373,True
W1,ba_n100,13,100,old_tds_model_rr,0.0,592.0,13,0.030742999999347376,True
W1,ba_n100,13,100,rl_rr,1.0,474.0,17,0.03617809999923338,True
W1,ba_n100,13,100,rl_rr_ls,1.0,420.0,14,0.03954109999904176,True
W1,ba_n100,13,100,rl_rr_k16,1.0,420.0,14,0.10551420000047074,True
W1,ba_n100,13,100,rl_rr_ls_k16,1.0,420.0,14,0.10620689999996102,True
W1,ba_n100,13,100,old_tds_model_rr,1.0,503.0,12,0.026598900003591552,True
W1,ba_n100,14,100,weighted_greedy,,404.0,25,0.0002415000017208513,True
W1,ba_n100,14,100,weighted_greedy_rr,,379.0,19,0.0002648999980010558,True
W1,ba_n100,14,100,weighted_greedy_rr_ls,,379.0,19,0.0012047000018355902,True
W1,ba_n100,14,100,unweighted_greedy_rr,,661.0,15,0.00023860000146669336,True
W1,ba_n100,14,100,rl_rr,0.0,385.0,19,0.041797300003963755,True
W1,ba_n100,14,100,rl_rr_ls,0.0,379.0,19,0.043614200003503356,True
W1,ba_n100,14,100,rl_rr_k16,0.0,378.0,17,0.12277399999948102,True
W1,ba_n100,14,100,rl_rr_ls_k16,0.0,378.0,17,0.12494520000109333,True
W1,ba_n100,14,100,old_tds_model_rr,0.0,747.0,14,0.031065600000147242,True
W1,ba_n100,14,100,rl_rr,1.0,386.0,17,0.03707909999866388,True
W1,ba_n100,14,100,rl_rr_ls,1.0,386.0,17,0.037972999998601153,True
W1,ba_n100,14,100,rl_rr_k16,1.0,378.0,17,0.11290849999932107,True
W1,ba_n100,14,100,rl_rr_ls_k16,1.0,378.0,17,0.11540659999809577,True
W1,ba_n100,14,100,old_tds_model_rr,1.0,636.0,14,0.031181000002106884,True
W1,ba_n20,0,20,weighted_greedy,,80.0,5,9.770000178832561e-05,True
W1,ba_n20,0,20,weighted_greedy_rr,,67.0,4,0.00010149999798159115,True
W1,ba_n20,0,20,weighted_greedy_rr_ls,,67.0,4,0.0002534000013838522,True
W1,ba_n20,0,20,unweighted_greedy_rr,,164.0,3,7.779999941703863e-05,True
W1,ba_n20,0,20,rl_rr,0.0,67.0,4,0.011515700000018114,True
W1,ba_n20,0,20,rl_rr_ls,0.0,67.0,4,0.011685800000122981,True
W1,ba_n20,0,20,rl_rr_k16,0.0,67.0,4,0.02957369999785442,True
W1,ba_n20,0,20,rl_rr_ls_k16,0.0,67.0,4,0.03126710000287858,True
W1,ba_n20,0,20,old_tds_model_rr,0.0,164.0,3,0.0068787999989581294,True
W1,ba_n20,0,20,rl_rr,1.0,67.0,4,0.010347500003263121,True
W1,ba_n20,0,20,rl_rr_ls,1.0,67.0,4,0.010514400000829482,True
W1,ba_n20,0,20,rl_rr_k16,1.0,67.0,4,0.0292053000011947,True
W1,ba_n20,0,20,rl_rr_ls_k16,1.0,67.0,4,0.030893399998603854,True
W1,ba_n20,0,20,old_tds_model_rr,1.0,139.0,3,0.007107400000677444,True
W1,ba_n20,1,20,weighted_greedy,,123.0,6,7.599999662488699e-05,True
W1,ba_n20,1,20,weighted_greedy_rr,,94.0,4,0.00010130000009667128,True
W1,ba_n20,1,20,weighted_greedy_rr_ls,,94.0,4,0.0002627000030770432,True
W1,ba_n20,1,20,unweighted_greedy_rr,,197.0,3,7.719999848632142e-05,True
W1,ba_n20,1,20,rl_rr,0.0,94.0,4,0.009649999999965075,True
W1,ba_n20,1,20,rl_rr_ls,0.0,94.0,4,0.009843300002103206,True
W1,ba_n20,1,20,rl_rr_k16,0.0,94.0,4,0.026678999998694053,True
W1,ba_n20,1,20,rl_rr_ls_k16,0.0,94.0,4,0.027246899997408036,True
W1,ba_n20,1,20,old_tds_model_rr,0.0,184.0,3,0.006528600002638996,True
W1,ba_n20,1,20,rl_rr,1.0,94.0,4,0.012420599996403325,True
W1,ba_n20,1,20,rl_rr_ls,1.0,94.0,4,0.012599999994563404,True
W1,ba_n20,1,20,rl_rr_k16,1.0,94.0,4,0.036010699997859774,True
W1,ba_n20,1,20,rl_rr_ls_k16,1.0,94.0,4,0.0367182000009052,True
W1,ba_n20,1,20,old_tds_model_rr,1.0,100.0,3,0.007179100000939798,True
W1,ba_n20,2,20,weighted_greedy,,57.0,3,9.470000077271834e-05,True
W1,ba_n20,2,20,weighted_greedy_rr,,57.0,3,9.700000009615906e-05,True
W1,ba_n20,2,20,weighted_greedy_rr_ls,,57.0,3,0.0002544999988458585,True
W1,ba_n20,2,20,unweighted_greedy_rr,,71.0,3,7.679999907850288e-05,True
W1,ba_n20,2,20,rl_rr,0.0,57.0,3,0.007128099998226389,True
W1,ba_n20,2,20,rl_rr_ls,0.0,57.0,3,0.007293700000445824,True
W1,ba_n20,2,20,rl_rr_k16,0.0,57.0,3,0.01903630000015255,True
W1,ba_n20,2,20,rl_rr_ls_k16,0.0,57.0,3,0.019744400000490714,True
W1,ba_n20,2,20,old_tds_model_rr,0.0,123.0,3,0.0071550000029674266,True
W1,ba_n20,2,20,rl_rr,1.0,57.0,3,0.007802200001606252,True
W1,ba_n20,2,20,rl_rr_ls,1.0,57.0,3,0.00798870000289753,True
W1,ba_n20,2,20,rl_rr_k16,1.0,57.0,3,0.020992499998101266,True
W1,ba_n20,2,20,rl_rr_ls_k16,1.0,57.0,3,0.023205900000903057,True
W1,ba_n20,2,20,old_tds_model_rr,1.0,57.0,3,0.007121099999494618,True
W1,ba_n20,3,20,weighted_greedy,,23.0,3,7.32000007701572e-05,True
W1,ba_n20,3,20,weighted_greedy_rr,,23.0,3,8.660000094096176e-05,True
W1,ba_n20,3,20,weighted_greedy_rr_ls,,23.0,3,0.00022009999884176068,True
W1,ba_n20,3,20,unweighted_greedy_rr,,32.0,3,7.710000136285089e-05,True
W1,ba_n20,3,20,rl_rr,0.0,34.0,3,0.007009799999650568,True
W1,ba_n20,3,20,rl_rr_ls,0.0,23.0,3,0.007332000001042616,True
W1,ba_n20,3,20,rl_rr_k16,0.0,23.0,3,0.022507599998789374,True
W1,ba_n20,3,20,rl_rr_ls_k16,0.0,23.0,3,0.021133500002179062,True
W1,ba_n20,3,20,old_tds_model_rr,0.0,32.0,3,0.006927800000994466,True
W1,ba_n20,3,20,rl_rr,1.0,23.0,3,0.009924099998897873,True
W1,ba_n20,3,20,rl_rr_ls,1.0,23.0,3,0.010093100001540734,True
W1,ba_n20,3,20,rl_rr_k16,1.0,23.0,3,0.0296727999993891,True
W1,ba_n20,3,20,rl_rr_ls_k16,1.0,23.0,3,0.023888700001407415,True
W1,ba_n20,3,20,old_tds_model_rr,1.0,107.0,3,0.0076892000033694785,True
W1,ba_n20,4,20,weighted_greedy,,74.0,4,7.589999950141646e-05,True
W1,ba_n20,4,20,weighted_greedy_rr,,66.0,3,9.080000018002465e-05,True
W1,ba_n20,4,20,weighted_greedy_rr_ls,,66.0,3,0.00022869999884278513,True
W1,ba_n20,4,20,unweighted_greedy_rr,,106.0,2,7.14999987394549e-05,True
W1,ba_n20,4,20,rl_rr,0.0,66.0,3,0.006506600002467167,True
W1,ba_n20,4,20,rl_rr_ls,0.0,66.0,3,0.006668700003501726,True
W1,ba_n20,4,20,rl_rr_k16,0.0,66.0,3,0.021275499999319436,True
W1,ba_n20,4,20,rl_rr_ls_k16,0.0,66.0,3,0.022664799998892704,True
W1,ba_n20,4,20,old_tds_model_rr,0.0,106.0,2,0.004748299998027505,True
W1,ba_n20,4,20,rl_rr,1.0,66.0,3,0.006799099999625469,True
W1,ba_n20,4,20,rl_rr_ls,1.0,66.0,3,0.006968600002437597,True
W1,ba_n20,4,20,rl_rr_k16,1.0,66.0,3,0.021387300002970733,True
W1,ba_n20,4,20,rl_rr_ls_k16,1.0,66.0,3,0.0210229000003892,True
W1,ba_n20,4,20,old_tds_model_rr,1.0,106.0,2,0.004744699996081181,True
W1,ba_n20,5,20,weighted_greedy,,123.0,6,8.64000030560419e-05,True
W1,ba_n20,5,20,weighted_greedy_rr,,119.0,4,0.00010320000001229346,True
W1,ba_n20,5,20,weighted_greedy_rr_ls,,108.0,3,0.00032669999927747995,True
W1,ba_n20,5,20,unweighted_greedy_rr,,139.0,3,7.580000237794593e-05,True
W1,ba_n20,5,20,rl_rr,0.0,108.0,3,0.007463199999619974,True
W1,ba_n20,5,20,rl_rr_ls,0.0,108.0,3,0.007651199997781077,True
W1,ba_n20,5,20,rl_rr_k16,0.0,108.0,3,0.023978799999895273,True
W1,ba_n20,5,20,rl_rr_ls_k16,0.0,108.0,3,0.024612799999886192,True
W1,ba_n20,5,20,old_tds_model_rr,0.0,157.0,3,0.00712059999932535,True
W1,ba_n20,5,20,rl_rr,1.0,108.0,3,0.006624899997405009,True
W1,ba_n20,5,20,rl_rr_ls,1.0,108.0,3,0.00678929999776301,True
W1,ba_n20,5,20,rl_rr_k16,1.0,108.0,3,0.023449000000255182,True
W1,ba_n20,5,20,rl_rr_ls_k16,1.0,108.0,3,0.025114700001722667,True
W1,ba_n20,5,20,old_tds_model_rr,1.0,118.0,3,0.006497900001704693,True
W1,ba_n20,6,20,weighted_greedy,,113.0,6,7.480000203941017e-05,True
W1,ba_n20,6,20,weighted_greedy_rr,,109.0,5,9.760000102687627e-05,True
W1,ba_n20,6,20,weighted_greedy_rr_ls,,109.0,5,0.0002539999986765906,True
W1,ba_n20,6,20,unweighted_greedy_rr,,125.0,3,7.32000007701572e-05,True
W1,ba_n20,6,20,rl_rr,0.0,109.0,5,0.01052960000015446,True
W1,ba_n20,6,20,rl_rr_ls,0.0,109.0,5,0.01070360000085202,True
W1,ba_n20,6,20,rl_rr_k16,0.0,109.0,5,0.03234829999928479,True
W1,ba_n20,6,20,rl_rr_ls_k16,0.0,109.0,5,0.032315899999957765,True
W1,ba_n20,6,20,old_tds_model_rr,0.0,206.0,4,0.009067599999980303,True
W1,ba_n20,6,20,rl_rr,1.0,109.0,5,0.012929100001201732,True
W1,ba_n20,6,20,rl_rr_ls,1.0,109.0,5,0.013133100001141429,True
W1,ba_n20,6,20,rl_rr_k16,1.0,109.0,5,0.03582950000054552,True
W1,ba_n20,6,20,rl_rr_ls_k16,1.0,109.0,5,0.04044570000041858,True
W1,ba_n20,6,20,old_tds_model_rr,1.0,139.0,3,0.006768699997337535,True
W1,ba_n20,7,20,weighted_greedy,,101.0,3,7.48999991628807e-05,True
W1,ba_n20,7,20,weighted_greedy_rr,,101.0,3,9.129999671131372e-05,True
W1,ba_n20,7,20,weighted_greedy_rr_ls,,101.0,3,0.0002227000004495494,True
W1,ba_n20,7,20,unweighted_greedy_rr,,112.0,3,7.420000110869296e-05,True
W1,ba_n20,7,20,rl_rr,0.0,101.0,3,0.007561299997178139,True
W1,ba_n20,7,20,rl_rr_ls,0.0,101.0,3,0.007726899999397574,True
W1,ba_n20,7,20,rl_rr_k16,0.0,101.0,3,0.021099200002936414,True
W1,ba_n20,7,20,rl_rr_ls_k16,0.0,101.0,3,0.02135679999992135,True
W1,ba_n20,7,20,old_tds_model_rr,0.0,140.0,3,0.00789230000009411,True
W1,ba_n20,7,20,rl_rr,1.0,101.0,3,0.006511200001114048,True
W1,ba_n20,7,20,rl_rr_ls,1.0,101.0,3,0.006699800000205869,True
W1,ba_n20,7,20,rl_rr_k16,1.0,101.0,3,0.021095000000059372,True
W1,ba_n20,7,20,rl_rr_ls_k16,1.0,101.0,3,0.02135459999772138,True
W1,ba_n20,7,20,old_tds_model_rr,1.0,101.0,3,0.007230100000015227,True
W1,ba_n20,8,20,weighted_greedy,,203.0,5,9.339999814983457e-05,True
W1,ba_n20,8,20,weighted_greedy_rr,,179.0,4,9.649999992689118e-05,True
W1,ba_n20,8,20,weighted_greedy_rr_ls,,163.0,3,0.000267100000201026,True
W1,ba_n20,8,20,unweighted_greedy_rr,,198.0,3,7.480000203941017e-05,True
W1,ba_n20,8,20,rl_rr,0.0,163.0,3,0.004948799996782327,True
W1,ba_n20,8,20,rl_rr_ls,0.0,163.0,3,0.005121899997902801,True
W1,ba_n20,8,20,rl_rr_k16,0.0,163.0,3,0.01724119999926188,True
W1,ba_n20,8,20,rl_rr_ls_k16,0.0,163.0,3,0.01719980000052601,True
W1,ba_n20,8,20,old_tds_model_rr,0.0,267.0,3,0.004527700002654456,True
W1,ba_n20,8,20,rl_rr,1.0,163.0,3,0.009291599999414757,True
W1,ba_n20,8,20,rl_rr_ls,1.0,163.0,3,0.009449600001971703,True
W1,ba_n20,8,20,rl_rr_k16,1.0,163.0,3,0.024984899999253685,True
W1,ba_n20,8,20,rl_rr_ls_k16,1.0,163.0,3,0.025224099998013116,True
W1,ba_n20,8,20,old_tds_model_rr,1.0,194.0,3,0.004614999998011626,True
W1,ba_n20,9,20,weighted_greedy,,50.0,4,7.820000246283598e-05,True
W1,ba_n20,9,20,weighted_greedy_rr,,49.0,3,9.049999789567664e-05,True
W1,ba_n20,9,20,weighted_greedy_rr_ls,,49.0,3,0.000221800000872463,True
W1,ba_n20,9,20,unweighted_greedy_rr,,49.0,3,7.259999983943999e-05,True
W1,ba_n20,9,20,rl_rr,0.0,49.0,3,0.006778699997084914,True
W1,ba_n20,9,20,rl_rr_ls,0.0,49.0,3,0.006929099996341392,True
W1,ba_n20,9,20,rl_rr_k16,0.0,49.0,3,0.02372779999859631,True
W1,ba_n20,9,20,rl_rr_ls_k16,0.0,49.0,3,0.0243521000011242,True
W1,ba_n20,9,20,old_tds_model_rr,0.0,49.0,3,0.007091299998137401,True
W1,ba_n20,9,20,rl_rr,1.0,49.0,3,0.00839819999964675,True
W1,ba_n20,9,20,rl_rr_ls,1.0,49.0,3,0.008571899998059962,True
W1,ba_n20,9,20,rl_rr_k16,1.0,49.0,3,0.026845600001252024,True
W1,ba_n20,9,20,rl_rr_ls_k16,1.0,49.0,3,0.026860300000407733,True
W1,ba_n20,9,20,old_tds_model_rr,1.0,49.0,3,0.006848000004538335,True
W1,ba_n20,10,20,weighted_greedy,,73.0,4,9.43000013648998e-05,True
W1,ba_n20,10,20,weighted_greedy_rr,,73.0,4,9.00999984878581e-05,True
W1,ba_n20,10,20,weighted_greedy_rr_ls,,73.0,4,0.00024139999732142314,True
W1,ba_n20,10,20,unweighted_greedy_rr,,113.0,3,7.850000110920519e-05,True
W1,ba_n20,10,20,rl_rr,0.0,73.0,4,0.006760299998859409,True
W1,ba_n20,10,20,rl_rr_ls,0.0,73.0,4,0.006941099996765843,True
W1,ba_n20,10,20,rl_rr_k16,0.0,73.0,4,0.020726200000353856,True
W1,ba_n20,10,20,rl_rr_ls_k16,0.0,73.0,4,0.02024330000131158,True
W1,ba_n20,10,20,old_tds_model_rr,0.0,172.0,4,0.007484399997338187,True
W1,ba_n20,10,20,rl_rr,1.0,73.0,4,0.006585099996300414,True
W1,ba_n20,10,20,rl_rr_ls,1.0,73.0,4,0.006768399995053187,True
W1,ba_n20,10,20,rl_rr_k16,1.0,73.0,4,0.02070089999688207,True
W1,ba_n20,10,20,rl_rr_ls_k16,1.0,73.0,4,0.020771800001966767,True
W1,ba_n20,10,20,old_tds_model_rr,1.0,113.0,3,0.0049925000057555735,True
W1,ba_n20,11,20,weighted_greedy,,174.0,5,7.60000002628658e-05,True
W1,ba_n20,11,20,weighted_greedy_rr,,164.0,4,9.620000128052197e-05,True
W1,ba_n20,11,20,weighted_greedy_rr_ls,,164.0,4,0.0002294000005349517,True
W1,ba_n20,11,20,unweighted_greedy_rr,,250.0,4,7.60000002628658e-05,True
W1,ba_n20,11,20,rl_rr,0.0,167.0,4,0.006783900000300491,True
W1,ba_n20,11,20,rl_rr_ls,0.0,164.0,3,0.0069688999974459875,True
W1,ba_n20,11,20,rl_rr_k16,0.0,164.0,4,0.0233193999993091,True
W1,ba_n20,11,20,rl_rr_ls_k16,0.0,164.0,4,0.023385100001178216,True
W1,ba_n20,11,20,old_tds_model_rr,0.0,164.0,3,0.0050338000037299935,True
W1,ba_n20,11,20,rl_rr,1.0,164.0,3,0.009870600002614083,True
W1,ba_n20,11,20,rl_rr_ls,1.0,164.0,3,0.01002820000576321,True
W1,ba_n20,11,20,rl_rr_k16,1.0,164.0,3,0.025001900001370814,True
W1,ba_n20,11,20,rl_rr_ls_k16,1.0,164.0,3,0.02543149999837624,True
W1,ba_n20,11,20,old_tds_model_rr,1.0,164.0,3,0.005000300003302982,True
W1,ba_n20,12,20,weighted_greedy,,136.0,7,8.570000136387534e-05,True
W1,ba_n20,12,20,weighted_greedy_rr,,117.0,5,0.00010630000178935006,True
W1,ba_n20,12,20,weighted_greedy_rr_ls,,117.0,5,0.0002930000009655487,True
W1,ba_n20,12,20,unweighted_greedy_rr,,258.0,4,7.990000085555948e-05,True
W1,ba_n20,12,20,rl_rr,0.0,134.0,6,0.013127200003509643,True
W1,ba_n20,12,20,rl_rr_ls,0.0,127.0,4,0.013369500004046131,True
W1,ba_n20,12,20,rl_rr_k16,0.0,117.0,5,0.038659699999698205,True
W1,ba_n20,12,20,rl_rr_ls_k16,0.0,117.0,5,0.03793979999682051,True
W1,ba_n20,12,20,old_tds_model_rr,0.0,306.0,4,0.008943000000726897,True
W1,ba_n20,12,20,rl_rr,1.0,117.0,5,0.012791100001777522,True
W1,ba_n20,12,20,rl_rr_ls,1.0,117.0,5,0.012979700000869343,True
W1,ba_n20,12,20,rl_rr_k16,1.0,117.0,5,0.03764729999966221,True
W1,ba_n20,12,20,rl_rr_ls_k16,1.0,117.0,5,0.037709399999585,True
W1,ba_n20,12,20,old_tds_model_rr,1.0,127.0,4,0.009441899997909786,True
W1,ba_n20,13,20,weighted_greedy,,61.0,4,9.399999908055179e-05,True
W1,ba_n20,13,20,weighted_greedy_rr,,55.0,3,0.00014690000170958228,True
W1,ba_n20,13,20,weighted_greedy_rr_ls,,55.0,3,0.00026839999918593094,True
W1,ba_n20,13,20,unweighted_greedy_rr,,55.0,3,8.180000077118166e-05,True
W1,ba_n20,13,20,rl_rr,0.0,55.0,3,0.006963699997868389,True
W1,ba_n20,13,20,rl_rr_ls,0.0,55.0,3,0.007144599996536272,True
W1,ba_n20,13,20,rl_rr_k16,0.0,55.0,3,0.019887099999323254,True
W1,ba_n20,13,20,rl_rr_ls_k16,0.0,55.0,3,0.02058979999856092,True
W1,ba_n20,13,20,old_tds_model_rr,0.0,159.0,3,0.00498400000287802,True
W1,ba_n20,13,20,rl_rr,1.0,55.0,3,0.006734800001140684,True
W1,ba_n20,13,20,rl_rr_ls,1.0,55.0,3,0.006902299999637762,True
W1,ba_n20,13,20,rl_rr_k16,1.0,55.0,3,0.022335900001053233,True
W1,ba_n20,13,20,rl_rr_ls_k16,1.0,55.0,3,0.022732200002792524,True
W1,ba_n20,13,20,old_tds_model_rr,1.0,55.0,3,0.0048802999990584794,True
W1,ba_n20,14,20,weighted_greedy,,57.0,5,7.439999899361283e-05,True
W1,ba_n20,14,20,weighted_greedy_rr,,53.0,4,9.57000011112541e-05,True
W1,ba_n20,14,20,weighted_greedy_rr_ls,,53.0,4,0.00024120000307448208,True
W1,ba_n20,14,20,unweighted_greedy_rr,,61.0,2,7.74000000092201e-05,True
W1,ba_n20,14,20,rl_rr,0.0,53.0,4,0.009184700000332668,True
W1,ba_n20,14,20,rl_rr_ls,0.0,53.0,4,0.00938529999984894,True
W1,ba_n20,14,20,rl_rr_k16,0.0,53.0,4,0.02755990000150632,True
W1,ba_n20,14,20,rl_rr_ls_k16,0.0,53.0,4,0.02700399999957881,True
W1,ba_n20,14,20,old_tds_model_rr,0.0,61.0,2,0.0051444999990053475,True
W1,ba_n20,14,20,rl_rr,1.0,53.0,4,0.008976799999800278,True
W1,ba_n20,14,20,rl_rr_ls,1.0,53.0,4,0.009166200001345715,True
W1,ba_n20,14,20,rl_rr_k16,1.0,53.0,4,0.024894899997889297,True
W1,ba_n20,14,20,rl_rr_ls_k16,1.0,53.0,4,0.024078000002191402,True
W1,ba_n20,14,20,old_tds_model_rr,1.0,61.0,2,0.0052508000007946976,True
W1,ba_n200,0,200,weighted_greedy,,877.0,39,0.0004397999982757028,True
W1,ba_n200,0,200,weighted_greedy_rr,,793.0,31,0.0004851000012422446,True
W1,ba_n200,0,200,weighted_greedy_rr_ls,,760.0,28,0.0034267000010004267,True
W1,ba_n200,0,200,unweighted_greedy_rr,,1154.0,24,0.0004215000008116476,True
W1,ba_n200,0,200,rl_rr,0.0,791.0,30,0.0731370000030438,True
W1,ba_n200,0,200,rl_rr_ls,0.0,791.0,30,0.0753424000031373,True
W1,ba_n200,0,200,rl_rr_k16,0.0,760.0,28,0.34086780000143335,True
W1,ba_n200,0,200,rl_rr_ls_k16,0.0,760.0,28,0.24396250000063446,True
W1,ba_n200,0,200,old_tds_model_rr,0.0,1465.0,23,0.050176399996416876,True
W1,ba_n200,0,200,rl_rr,1.0,767.0,29,0.06574829999590293,True
W1,ba_n200,0,200,rl_rr_ls,1.0,760.0,28,0.06840849999571219,True
W1,ba_n200,0,200,rl_rr_k16,1.0,760.0,28,0.227011399998446,True
W1,ba_n200,0,200,rl_rr_ls_k16,1.0,760.0,28,0.22444630000245525,True
W1,ba_n200,0,200,old_tds_model_rr,1.0,1298.0,24,0.049029899997549364,True
W1,ba_n200,1,200,weighted_greedy,,1031.0,46,0.00046189999920898117,True
W1,ba_n200,1,200,weighted_greedy_rr,,939.0,36,0.0004936000004818197,True
W1,ba_n200,1,200,weighted_greedy_rr_ls,,882.0,32,0.00491870000041672,True
W1,ba_n200,1,200,unweighted_greedy_rr,,1390.0,25,0.0004225999982736539,True
W1,ba_n200,1,200,rl_rr,0.0,946.0,32,0.07655569999769796,True
W1,ba_n200,1,200,rl_rr_ls,0.0,918.0,31,0.08272009999564034,True
W1,ba_n200,1,200,rl_rr_k16,0.0,895.0,30,0.2554070000005595,True
W1,ba_n200,1,200,rl_rr_ls_k16,0.0,895.0,30,0.253107500000624,True
W1,ba_n200,1,200,old_tds_model_rr,0.0,1491.0,25,0.053737800000817515,True
W1,ba_n200,1,200,rl_rr,1.0,916.0,33,0.07043949999570032,True
W1,ba_n200,1,200,rl_rr_ls,1.0,881.0,32,0.07484449999537901,True
W1,ba_n200,1,200,rl_rr_k16,1.0,911.0,32,0.2566045999992639,True
W1,ba_n200,1,200,rl_rr_ls_k16,1.0,900.0,32,0.2610457000009774,True
W1,ba_n200,1,200,old_tds_model_rr,1.0,1227.0,26,0.05690390000017942,True
W1,ba_n200,2,200,weighted_greedy,,804.0,35,0.00032749999809311703,True
W1,ba_n200,2,200,weighted_greedy_rr,,751.0,27,0.00044500000149128027,True
W1,ba_n200,2,200,weighted_greedy_rr_ls,,751.0,27,0.0027873999970324803,True
W1,ba_n200,2,200,unweighted_greedy_rr,,979.0,24,0.0004268000011506956,True
W1,ba_n200,2,200,rl_rr,0.0,798.0,27,0.06867000000056578,True
W1,ba_n200,2,200,rl_rr_ls,0.0,761.0,26,0.07360619999963092,True
W1,ba_n200,2,200,rl_rr_k16,0.0,756.0,26,0.24547240000174497,True
W1,ba_n200,2,200,rl_rr_ls_k16,0.0,750.0,26,0.2897358999980497,True
W1,ba_n200,2,200,old_tds_model_rr,0.0,1104.0,24,0.05337439999857452,True
W1,ba_n200,2,200,rl_rr,1.0,750.0,26,0.06403069999578292,True
W1,ba_n200,2,200,rl_rr_ls,1.0,750.0,26,0.06667019999440527,True
W1,ba_n200,2,200,rl_rr_k16,1.0,748.0,27,0.22469360000104643,True
W1,ba_n200,2,200,rl_rr_ls_k16,1.0,748.0,27,0.22342180000123335,True
W1,ba_n200,2,200,old_tds_model_rr,1.0,1083.0,24,0.05241039999964414,True
W1,ba_n200,3,200,weighted_greedy,,887.0,39,0.0003496999997878447,True
W1,ba_n200,3,200,weighted_greedy_rr,,834.0,33,0.0004669999980251305,True
W1,ba_n200,3,200,weighted_greedy_rr_ls,,822.0,30,0.0042673999996623024,True
W1,ba_n200,3,200,unweighted_greedy_rr,,1412.0,26,0.00043309999819030054,True
W1,ba_n200,3,200,rl_rr,0.0,859.0,34,0.07740950000152225,True
W1,ba_n200,3,200,rl_rr_ls,0.0,828.0,31,0.08106550000229618,True
W1,ba_n200,3,200,rl_rr_k16,0.0,794.0,31,0.25758009999844944,True
W1,ba_n200,3,200,rl_rr_ls_k16,0.0,758.0,28,0.2624783999999636,True
W1,ba_n200,3,200,old_tds_model_rr,0.0,1342.0,25,0.05628939999951399,True
W1,ba_n200,3,200,rl_rr,1.0,806.0,32,0.08062959999733721,True
W1,ba_n200,3,200,rl_rr_ls,1.0,771.0,29,0.08597339999687392,True
W1,ba_n200,3,200,rl_rr_k16,1.0,758.0,28,0.2608898999969824,True
W1,ba_n200,3,200,rl_rr_ls_k16,1.0,758.0,28,0.26228360000095563,True
W1,ba_n200,3,200,old_tds_model_rr,1.0,1119.0,26,0.056837399999494664,True
W1,ba_n200,4,200,weighted_greedy,,778.0,34,0.00033959999927901663,True
W1,ba_n200,4,200,weighted_greedy_rr,,740.0,30,0.00046490000022458844,True
W1,ba_n200,4,200,weighted_greedy_rr_ls,,737.0,30,0.004973099999915576,True
W1,ba_n200,4,200,unweighted_greedy_rr,,1097.0,25,0.00042949999988195486,True
W1,ba_n200,4,200,rl_rr,0.0,738.0,30,0.06691320000390988,True
W1,ba_n200,4,200,rl_rr_ls,0.0,721.0,29,0.07464050000271527,True
W1,ba_n200,4,200,rl_rr_k16,0.0,727.0,30,0.2314544000000751,True
W1,ba_n200,4,200,rl_rr_ls_k16,0.0,721.0,29,0.24935330000153044,True
W1,ba_n200,4,200,old_tds_model_rr,0.0,1129.0,25,0.055361099999572616,True
W1,ba_n200,4,200,rl_rr,1.0,727.0,30,0.0657824999980221,True
W1,ba_n200,4,200,rl_rr_ls,1.0,721.0,29,0.07279019999987213,True
W1,ba_n200,4,200,rl_rr_k16,1.0,727.0,30,0.23206310000023223,True
W1,ba_n200,4,200,rl_rr_ls_k16,1.0,721.0,29,0.23902979999911622,True
W1,ba_n200,4,200,old_tds_model_rr,1.0,1087.0,26,0.057481099996948615,True
W1,ba_n200,5,200,weighted_greedy,,1060.0,46,0.00040749999971012585,True
W1,ba_n200,5,200,weighted_greedy_rr,,967.0,35,0.00048439999955007806,True
W1,ba_n200,5,200,weighted_greedy_rr_ls,,953.0,32,0.007205999998404877,True
W1,ba_n200,5,200,unweighted_greedy_rr,,1419.0,26,0.0004254000014043413,True
W1,ba_n200,5,200,rl_rr,0.0,954.0,32,0.08098909999898751,True
W1,ba_n200,5,200,rl_rr_ls,0.0,954.0,32,0.08316449999983888,True
W1,ba_n200,5,200,rl_rr_k16,0.0,954.0,32,0.27965349999794853,True
W1,ba_n200,5,200,rl_rr_ls_k16,0.0,954.0,32,0.28933189999952447,True
W1,ba_n200,5,200,old_tds_model_rr,0.0,1385.0,26,0.05536979999669711,True
W1,ba_n200,5,200,rl_rr,1.0,996.0,31,0.07180670000161626,True
W1,ba_n200,5,200,rl_rr_ls,1.0,994.0,30,0.07510030000412371,True
W1,ba_n200,5,200,rl_rr_k16,1.0,946.0,33,0.26529549999759183,True
W1,ba_n200,5,200,rl_rr_ls_k16,1.0,946.0,33,0.2663931999995839,True
W1,ba_n200,5,200,old_tds_model_rr,1.0,1317.0,26,0.056445199999870965,True
W1,ba_n200,6,200,weighted_greedy,,786.0,40,0.00048009999954956584,True
W1,ba_n200,6,200,weighted_greedy_rr,,735.0,31,0.00045790000149281695,True
W1,ba_n200,6,200,weighted_greedy_rr_ls,,715.0,31,0.008776000002399087,True
W1,ba_n200,6,200,unweighted_greedy_rr,,1177.0,25,0.0004445000013220124,True
W1,ba_n200,6,200,rl_rr,0.0,743.0,35,0.07753130000128294,True
W1,ba_n200,6,200,rl_rr_ls,0.0,735.0,34,0.08341420000215294,True
W1,ba_n200,6,200,rl_rr_k16,0.0,722.0,35,0.25665010000011534,True
W1,ba_n200,6,200,rl_rr_ls_k16,0.0,707.0,33,0.2637101000000257,True
W1,ba_n200,6,200,old_tds_model_rr,0.0,1135.0,25,0.054763399999501416,True
W1,ba_n200,6,200,rl_rr,1.0,765.0,34,0.08061440000165021,True
W1,ba_n200,6,200,rl_rr_ls,1.0,745.0,32,0.08752920000188169,True
W1,ba_n200,6,200,rl_rr_k16,1.0,746.0,35,0.2662492999988899,True
W1,ba_n200,6,200,rl_rr_ls_k16,1.0,715.0,31,0.26845700000194483,True
W1,ba_n200,6,200,old_tds_model_rr,1.0,1043.0,25,0.053667600001062965,True
W1,ba_n200,7,200,weighted_greedy,,931.0,42,0.0004776999994646758,True
W1,ba_n200,7,200,weighted_greedy_rr,,859.0,31,0.00047339999946416356,True
W1,ba_n200,7,200,weighted_greedy_rr_ls,,846.0,30,0.0037823000020580366,True
W1,ba_n200,7,200,unweighted_greedy_rr,,1319.0,26,0.0004260000023350585,True
W1,ba_n200,7,200,rl_rr,0.0,868.0,30,0.0685646000019915,True
W1,ba_n200,7,200,rl_rr_ls,0.0,858.0,29,0.07154240000090795,True
W1,ba_n200,7,200,rl_rr_k16,0.0,846.0,30,0.2564684000026318,True
W1,ba_n200,7,200,rl_rr_ls_k16,0.0,844.0,30,0.2553812000005564,True
W1,ba_n200,7,200,old_tds_model_rr,0.0,1691.0,29,0.06661580000218237,True
W1,ba_n200,7,200,rl_rr,1.0,894.0,32,0.07220829999641865,True
W1,ba_n200,7,200,rl_rr_ls,1.0,846.0,30,0.08152659999541356,True
W1,ba_n200,7,200,rl_rr_k16,1.0,853.0,29,0.2454293000009784,True
W1,ba_n200,7,200,rl_rr_ls_k16,1.0,853.0,29,0.24481240000022808,True
W1,ba_n200,7,200,old_tds_model_rr,1.0,1333.0,26,0.05467839999982971,True
W1,ba_n200,8,200,weighted_greedy,,814.0,45,0.00048379999861936085,True
W1,ba_n200,8,200,weighted_greedy_rr,,727.0,36,0.0005240000027697533,True
W1,ba_n200,8,200,weighted_greedy_rr_ls,,722.0,35,0.003177200000209268,True
W1,ba_n200,8,200,unweighted_greedy_rr,,1230.0,27,0.0005392000020947307,True
W1,ba_n200,8,200,rl_rr,0.0,751.0,37,0.08584239999981946,True
W1,ba_n200,8,200,rl_rr_ls,0.0,718.0,33,0.09244050000052084,True
W1,ba_n200,8,200,rl_rr_k16,0.0,744.0,35,0.2968327999988105,True
W1,ba_n200,8,200,rl_rr_ls_k16,0.0,739.0,34,0.29725519999919925,True
W1,ba_n200,8,200,old_tds_model_rr,0.0,1373.0,27,0.05808230000184267,True
W1,ba_n200,8,200,rl_rr,1.0,769.0,38,0.08808140000110143,True
W1,ba_n200,8,200,rl_rr_ls,1.0,743.0,35,0.09209249999912572,True
W1,ba_n200,8,200,rl_rr_k16,1.0,720.0,36,0.2998431000014534,True
W1,ba_n200,8,200,rl_rr_ls_k16,1.0,718.0,35,0.3000034999968193,True
W1,ba_n200,8,200,old_tds_model_rr,1.0,1074.0,27,0.05734690000099363,True
W1,ba_n200,9,200,weighted_greedy,,971.0,42,0.0004535000007308554,True
W1,ba_n200,9,200,weighted_greedy_rr,,931.0,33,0.00047079999785637483,True
W1,ba_n200,9,200,weighted_greedy_rr_ls,,920.0,32,0.003165000001899898,True
W1,ba_n200,9,200,unweighted_greedy_rr,,1093.0,21,0.00043559999903663993,True
W1,ba_n200,9,200,rl_rr,0.0,864.0,29,0.06763560000035795,True
W1,ba_n200,9,200,rl_rr_ls,0.0,863.0,29,0.07168279999677907,True
W1,ba_n200,9,200,rl_rr_k16,0.0,833.0,28,0.22655130000202917,True
W1,ba_n200,9,200,rl_rr_ls_k16,0.0,833.0,28,0.2314650000007532,True
W1,ba_n200,9,200,old_tds_model_rr,0.0,1256.0,23,0.049063000002206536,True
W1,ba_n200,9,200,rl_rr,1.0,898.0,24,0.0726823000004515,True
W1,ba_n200,9,200,rl_rr_ls,1.0,898.0,24,0.07493930000055116,True
W1,ba_n200,9,200,rl_rr_k16,1.0,881.0,25,0.22583180000219727,True
W1,ba_n200,9,200,rl_rr_ls_k16,1.0,864.0,24,0.22767659999954049,True
W1,ba_n200,9,200,old_tds_model_rr,1.0,1061.0,22,0.0468150999986392,True
W1,ba_n200,10,200,weighted_greedy,,790.0,37,0.0004886000024271198,True
W1,ba_n200,10,200,weighted_greedy_rr,,780.0,34,0.0004590999997162726,True
W1,ba_n200,10,200,weighted_greedy_rr_ls,,777.0,34,0.005250799997156719,True
W1,ba_n200,10,200,unweighted_greedy_rr,,1204.0,26,0.0004837000014958903,True
W1,ba_n200,10,200,rl_rr,0.0,784.0,35,0.07546710000315215,True
W1,ba_n200,10,200,rl_rr_ls,0.0,777.0,34,0.08105520000390243,True
W1,ba_n200,10,200,rl_rr_k16,0.0,733.0,33,0.25605970000106026,True
W1,ba_n200,10,200,rl_rr_ls_k16,0.0,733.0,33,0.26409680000142544,True
W1,ba_n200,10,200,old_tds_model_rr,0.0,1506.0,26,0.05582439999852795,True
W1,ba_n200,10,200,rl_rr,1.0,782.0,34,0.07366459999684594,True
W1,ba_n200,10,200,rl_rr_ls,1.0,777.0,34,0.08018579999770736,True
W1,ba_n200,10,200,rl_rr_k16,1.0,741.0,32,0.24712179999914952,True
W1,ba_n200,10,200,rl_rr_ls_k16,1.0,740.0,32,0.25464609999835375,True
W1,ba_n200,10,200,old_tds_model_rr,1.0,1092.0,26,0.054349900001398055,True
W1,ba_n200,11,200,weighted_greedy,,549.0,37,0.0003391999998711981,True
W1,ba_n200,11,200,weighted_greedy_rr,,543.0,34,0.00043799999912153,True
W1,ba_n200,11,200,weighted_greedy_rr_ls,,532.0,33,0.005234899999777554,True
W1,ba_n200,11,200,unweighted_greedy_rr,,1018.0,23,0.0003933000007236842,True
W1,ba_n200,11,200,rl_rr,0.0,541.0,34,0.07485150000138674,True
W1,ba_n200,11,200,rl_rr_ls,0.0,532.0,33,0.07973599999968428,True
W1,ba_n200,11,200,rl_rr_k16,0.0,534.0,33,0.2593942999992578,True
W1,ba_n200,11,200,rl_rr_ls_k16,0.0,534.0,33,0.25349650000134716,True
W1,ba_n200,11,200,old_tds_model_rr,0.0,1010.0,24,0.05234300000302028,True
W1,ba_n200,11,200,rl_rr,1.0,520.0,28,0.06236709999939194,True
W1,ba_n200,11,200,rl_rr_ls,1.0,508.0,28,0.06898160000127973,True
W1,ba_n200,11,200,rl_rr_k16,1.0,519.0,28,0.23281529999803752,True
W1,ba_n200,11,200,rl_rr_ls_k16,1.0,508.0,28,0.2440859000016644,True
W1,ba_n200,11,200,old_tds_model_rr,1.0,840.0,23,0.04911750000246684,True
W1,ba_n200,12,200,weighted_greedy,,671.0,37,0.0003924000011465978,True
W1,ba_n200,12,200,weighted_greedy_rr,,652.0,32,0.0004627999987860676,True
W1,ba_n200,12,200,weighted_greedy_rr_ls,,627.0,29,0.0036233000028005335,True
W1,ba_n200,12,200,unweighted_greedy_rr,,1114.0,26,0.00040499999886378646,True
W1,ba_n200,12,200,rl_rr,0.0,647.0,31,0.06843119999757619,True
W1,ba_n200,12,200,rl_rr_ls,0.0,627.0,29,0.07090089999474003,True
W1,ba_n200,12,200,rl_rr_k16,0.0,632.0,30,0.2368094999983441,True
W1,ba_n200,12,200,rl_rr_ls_k16,0.0,627.0,29,0.23548719999962486,True
W1,ba_n200,12,200,old_tds_model_rr,0.0,1267.0,27,0.058272299997042865,True
W1,ba_n200,12,200,rl_rr,1.0,660.0,32,0.07274499999766704,True
W1,ba_n200,12,200,rl_rr_ls,1.0,627.0,30,0.07579989999794634,True
W1,ba_n200,12,200,rl_rr_k16,1.0,647.0,32,0.24503679999907035,True
W1,ba_n200,12,200,rl_rr_ls_k16,1.0,627.0,30,0.2509380000010424,True
W1,ba_n200,12,200,old_tds_model_rr,1.0,1144.0,27,0.056341399998927955,True
W1,ba_n200,13,200,weighted_greedy,,1001.0,46,0.0004923999986203853,True
W1,ba_n200,13,200,weighted_greedy_rr,,905.0,34,0.0005354999993869569,True
W1,ba_n200,13,200,weighted_greedy_rr_ls,,872.0,32,0.005745399997977074,True
W1,ba_n200,13,200,unweighted_greedy_rr,,1316.0,26,0.0004254000014043413,True
W1,ba_n200,13,200,rl_rr,0.0,892.0,33,0.07571240000106627,True
W1,ba_n200,13,200,rl_rr_ls,0.0,872.0,32,0.0779556000015873,True
W1,ba_n200,13,200,rl_rr_k16,0.0,872.0,32,0.25800819999858504,True
W1,ba_n200,13,200,rl_rr_ls_k16,0.0,872.0,32,0.26271970000016154,True
W1,ba_n200,13,200,old_tds_model_rr,0.0,1322.0,25,0.055305300000327406,True
W1,ba_n200,13,200,rl_rr,1.0,950.0,31,0.0723269000009168,True
W1,ba_n200,13,200,rl_rr_ls,1.0,929.0,31,0.07643390000157524,True
W1,ba_n200,13,200,rl_rr_k16,1.0,896.0,33,0.25153380000119796,True
W1,ba_n200,13,200,rl_rr_ls_k16,1.0,887.0,33,0.2566784999980882,True
W1,ba_n200,13,200,old_tds_model_rr,1.0,1212.0,25,0.05374590000064927,True
W1,ba_n200,14,200,weighted_greedy,,839.0,44,0.0004656999990402255,True
W1,ba_n200,14,200,weighted_greedy_rr,,794.0,35,0.00047849999828031287,True
W1,ba_n200,14,200,weighted_greedy_rr_ls,,784.0,33,0.006328100000246195,True
W1,ba_n200,14,200,unweighted_greedy_rr,,1160.0,26,0.0004484000019147061,True
W1,ba_n200,14,200,rl_rr,0.0,770.0,35,0.08375979999982519,True
W1,ba_n200,14,200,rl_rr_ls,0.0,758.0,34,0.09109109999917564,True
W1,ba_n200,14,200,rl_rr_k16,0.0,759.0,34,0.2859814999974333,True
W1,ba_n200,14,200,rl_rr_ls_k16,0.0,754.0,33,0.28865980000045965,True
W1,ba_n200,14,200,old_tds_model_rr,0.0,1168.0,25,0.053014499997516396,True
W1,ba_n200,14,200,rl_rr,1.0,787.0,35,0.08558869999615126,True
W1,ba_n200,14,200,rl_rr_ls,1.0,775.0,34,0.09530119999544695,True
W1,ba_n200,14,200,rl_rr_k16,1.0,759.0,35,0.3027608999982476,True
W1,ba_n200,14,200,rl_rr_ls_k16,1.0,748.0,33,0.3133199000003515,True
W1,ba_n200,14,200,old_tds_model_rr,1.0,1188.0,25,0.05332709999856888,True
W1,ba_n50,0,50,weighted_greedy,,229.0,12,0.0001522999991721008,True
W1,ba_n50,0,50,weighted_greedy_rr,,227.0,11,0.00015899999925750308,True
W1,ba_n50,0,50,weighted_greedy_rr_ls,,227.0,11,0.0005606999984593131,True
W1,ba_n50,0,50,unweighted_greedy_rr,,474.0,9,0.00014390000069397502,True
W1,ba_n50,0,50,rl_rr,0.0,227.0,11,0.027207900002395036,True
W1,ba_n50,0,50,rl_rr_ls,0.0,227.0,11,0.027610000001004664,True
W1,ba_n50,0,50,rl_rr_k16,0.0,227.0,11,0.06924579999758862,True
W1,ba_n50,0,50,rl_rr_ls_k16,0.0,227.0,11,0.07136800000080257,True
W1,ba_n50,0,50,old_tds_model_rr,0.0,526.0,8,0.018616500001371605,True
W1,ba_n50,0,50,rl_rr,1.0,227.0,11,0.026700499998696614,True
W1,ba_n50,0,50,rl_rr_ls,1.0,227.0,11,0.027155199997650925,True
W1,ba_n50,0,50,rl_rr_k16,1.0,227.0,11,0.07019080000100075,True
W1,ba_n50,0,50,rl_rr_ls_k16,1.0,227.0,11,0.0710880000006,True
W1,ba_n50,0,50,old_tds_model_rr,1.0,405.0,9,0.020637699999497272,True
W1,ba_n50,1,50,weighted_greedy,,227.0,12,0.0001542999998491723,True
W1,ba_n50,1,50,weighted_greedy_rr,,218.0,8,0.00016119999781949446,True
W1,ba_n50,1,50,weighted_greedy_rr_ls,,215.0,7,0.0008541999995941296,True
W1,ba_n50,1,50,unweighted_greedy_rr,,265.0,7,0.00014119999832473695,True
W1,ba_n50,1,50,rl_rr,0.0,220.0,10,0.024012799996853573,True
W1,ba_n50,1,50,rl_rr_ls,0.0,215.0,7,0.024752499997703126,True
W1,ba_n50,1,50,rl_rr_k16,0.0,218.0,8,0.06783699999868986,True
W1,ba_n50,1,50,rl_rr_ls_k16,0.0,215.0,7,0.06849990000046091,True
W1,ba_n50,1,50,old_tds_model_rr,0.0,257.0,7,0.015930400000797817,True
W1,ba_n50,1,50,rl_rr,1.0,218.0,8,0.025840500002232147,True
W1,ba_n50,1,50,rl_rr_ls,1.0,215.0,7,0.02660960000139312,True
W1,ba_n50,1,50,rl_rr_k16,1.0,218.0,8,0.06982349999816506,True
W1,ba_n50,1,50,rl_rr_ls_k16,1.0,215.0,7,0.06952149999779067,True
W1,ba_n50,1,50,old_tds_model_rr,1.0,216.0,7,0.01530329999877722,True
W1,ba_n50,2,50,weighted_greedy,,249.0,12,0.000149200001033023,True
W1,ba_n50,2,50,weighted_greedy_rr,,230.0,8,0.00017530000332044438,True
W1,ba_n50,2,50,weighted_greedy_rr_ls,,230.0,8,0.0005304999976942781,True
W1,ba_n50,2,50,unweighted_greedy_rr,,270.0,6,0.00012740000238409266,True
W1,ba_n50,2,50,rl_rr,0.0,230.0,8,0.01735499999995227,True
W1,ba_n50,2,50,rl_rr_ls,0.0,230.0,8,0.01800589999766089,True
W1,ba_n50,2,50,rl_rr_k16,0.0,230.0,8,0.05461650000142981,True
W1,ba_n50,2,50,rl_rr_ls_k16,0.0,230.0,8,0.055758399998012464,True
W1,ba_n50,2,50,old_tds_model_rr,0.0,306.0,6,0.012912400001368951,True
W1,ba_n50,2,50,rl_rr,1.0,230.0,8,0.020576999999320833,True
W1,ba_n50,2,50,rl_rr_ls,1.0,230.0,8,0.020969099998183083,True
W1,ba_n50,2,50,rl_rr_k16,1.0,230.0,8,0.06566659999953117,True
W1,ba_n50,2,50,rl_rr_ls_k16,1.0,230.0,8,0.0655073000016273,True
W1,ba_n50,2,50,old_tds_model_rr,1.0,306.0,6,0.013100499996653525,True
W1,ba_n50,3,50,weighted_greedy,,190.0,10,0.00013860000035492703,True
W1,ba_n50,3,50,weighted_greedy_rr,,190.0,10,0.00016150000010384247,True
W1,ba_n50,3,50,weighted_greedy_rr_ls,,181.0,9,0.0005808999994769692,True
W1,ba_n50,3,50,unweighted_greedy_rr,,348.0,6,0.00012739999874611385,True
W1,ba_n50,3,50,rl_rr,0.0,165.0,7,0.014681600001495099,True
W1,ba_n50,3,50,rl_rr_ls,0.0,165.0,7,0.015069600001879735,True
W1,ba_n50,3,50,rl_rr_k16,0.0,165.0,7,0.048148900001251604,True
W1,ba_n50,3,50,rl_rr_ls_k16,0.0,165.0,7,0.04946170000039274,True
W1,ba_n50,3,50,old_tds_model_rr,0.0,310.0,6,0.013622199996461859,True
W1,ba_n50,3,50,rl_rr,1.0,171.0,7,0.01722879999942961,True
W1,ba_n50,3,50,rl_rr_ls,1.0,165.0,7,0.017933799997990718,True
W1,ba_n50,3,50,rl_rr_k16,1.0,165.0,7,0.04946219999692403,True
W1,ba_n50,3,50,rl_rr_ls_k16,1.0,165.0,7,0.05110480000075768,True
W1,ba_n50,3,50,old_tds_model_rr,1.0,311.0,6,0.012723600000754232,True
W1,ba_n50,4,50,weighted_greedy,,403.0,12,0.0001350999991700519,True
W1,ba_n50,4,50,weighted_greedy_rr,,362.0,10,0.00018419999832985923,True
W1,ba_n50,4,50,weighted_greedy_rr_ls,,349.0,9,0.0009184000009554438,True
W1,ba_n50,4,50,unweighted_greedy_rr,,444.0,8,0.00016699999832781032,True
W1,ba_n50,4,50,rl_rr,0.0,371.0,10,0.02556879999974626,True
W1,ba_n50,4,50,rl_rr_ls,0.0,371.0,10,0.026036600000225008,True
W1,ba_n50,4,50,rl_rr_k16,0.0,349.0,10,0.06904020000001765,True
W1,ba_n50,4,50,rl_rr_ls_k16,0.0,349.0,10,0.06902420000187703,True
W1,ba_n50,4,50,old_tds_model_rr,0.0,489.0,8,0.017058099998394027,True
W1,ba_n50,4,50,rl_rr,1.0,349.0,10,0.023099900001398055,True
W1,ba_n50,4,50,rl_rr_ls,1.0,349.0,10,0.02357520000441582,True
W1,ba_n50,4,50,rl_rr_k16,1.0,349.0,10,0.06990740000037476,True
W1,ba_n50,4,50,rl_rr_ls_k16,1.0,349.0,10,0.07092269999702694,True
W1,ba_n50,4,50,old_tds_model_rr,1.0,557.0,8,0.017515100000309758,True
W1,ba_n50,5,50,weighted_greedy,,129.0,8,0.00016250000044237822,True
W1,ba_n50,5,50,weighted_greedy_rr,,121.0,6,0.00017690000095171854,True
W1,ba_n50,5,50,weighted_greedy_rr_ls,,121.0,6,0.0005240000027697533,True
W1,ba_n50,5,50,unweighted_greedy_rr,,312.0,7,0.00014000000010128133,True
W1,ba_n50,5,50,rl_rr,0.0,122.0,6,0.012999599999602651,True
W1,ba_n50,5,50,rl_rr_ls,0.0,121.0,6,0.013646899999002926,True
W1,ba_n50,5,50,rl_rr_k16,0.0,122.0,6,0.03659130000232835,True
W1,ba_n50,5,50,rl_rr_ls_k16,0.0,121.0,6,0.037771999999677064,True
W1,ba_n50,5,50,old_tds_model_rr,0.0,260.0,6,0.012258999995538034,True
W1,ba_n50,5,50,rl_rr,1.0,121.0,6,0.012492900001234375,True
W1,ba_n50,5,50,rl_rr_ls,1.0,121.0,6,0.012883999999758089,True
W1,ba_n50,5,50,rl_rr_k16,1.0,121.0,6,0.0459950000004028,True
W1,ba_n50,5,50,rl_rr_ls_k16,1.0,121.0,6,0.04481569999916246,True
W1,ba_n50,5,50,old_tds_model_rr,1.0,164.0,6,0.01440099999672384,True
W1,ba_n50,6,50,weighted_greedy,,240.0,11,0.00013770000077784061,True
W1,ba_n50,6,50,weighted_greedy_rr,,234.0,10,0.00016459999824292026,True
W1,ba_n50,6,50,weighted_greedy_rr_ls,,234.0,10,0.000534999999217689,True
W1,ba_n50,6,50,unweighted_greedy_rr,,388.0,8,0.00013220000255387276,True
W1,ba_n50,6,50,rl_rr,0.0,234.0,10,0.026199899995845044,True
W1,ba_n50,6,50,rl_rr_ls,0.0,234.0,10,0.026640099997166544,True
W1,ba_n50,6,50,rl_rr_k16,0.0,234.0,10,0.06465409999873373,True
W1,ba_n50,6,50,rl_rr_ls_k16,0.0,234.0,10,0.06696519999968586,True
W1,ba_n50,6,50,old_tds_model_rr,0.0,392.0,7,0.014811099998041755,True
W1,ba_n50,6,50,rl_rr,1.0,234.0,10,0.022483299999294104,True
W1,ba_n50,6,50,rl_rr_ls,1.0,234.0,10,0.02295149999918067,True
W1,ba_n50,6,50,rl_rr_k16,1.0,234.0,10,0.06447540000226581,True
W1,ba_n50,6,50,rl_rr_ls_k16,1.0,234.0,10,0.06398300000000745,True
W1,ba_n50,6,50,old_tds_model_rr,1.0,401.0,8,0.018682199999602744,True
W1,ba_n50,7,50,weighted_greedy,,226.0,9,0.00018179999824496917,True
W1,ba_n50,7,50,weighted_greedy_rr,,198.0,6,0.0001905999997688923,True
W1,ba_n50,7,50,weighted_greedy_rr_ls,,198.0,6,0.000592500000493601,True
W1,ba_n50,7,50,unweighted_greedy_rr,,342.0,6,0.00012459999925340526,True
W1,ba_n50,7,50,rl_rr,0.0,198.0,6,0.013076600003842032,True
W1,ba_n50,7,50,rl_rr_ls,0.0,198.0,6,0.013463300005241763,True
W1,ba_n50,7,50,rl_rr_k16,0.0,198.0,6,0.044064899997465545,True
W1,ba_n50,7,50,rl_rr_ls_k16,0.0,198.0,6,0.042625300000509014,True
W1,ba_n50,7,50,old_tds_model_rr,0.0,329.0,7,0.013827799997670809,True
W1,ba_n50,7,50,rl_rr,1.0,218.0,7,0.01659000000290689,True
W1,ba_n50,7,50,rl_rr_ls,1.0,218.0,7,0.016964100002951454,True
W1,ba_n50,7,50,rl_rr_k16,1.0,198.0,6,0.04305690000182949,True
W1,ba_n50,7,50,rl_rr_ls_k16,1.0,198.0,6,0.04303569999683532,True
W1,ba_n50,7,50,old_tds_model_rr,1.0,284.0,6,0.011485500002891058,True
W1,ba_n50,8,50,weighted_greedy,,179.0,11,0.00012900000001536682,True
W1,ba_n50,8,50,weighted_greedy_rr,,178.0,10,0.00016110000069602393,True
W1,ba_n50,8,50,weighted_greedy_rr_ls,,146.0,8,0.0005896999973629136,True
W1,ba_n50,8,50,unweighted_greedy_rr,,191.0,5,0.00016180000238819048,True
W1,ba_n50,8,50,rl_rr,0.0,178.0,10,0.02184560000023339,True
W1,ba_n50,8,50,rl_rr_ls,0.0,146.0,8,0.022284700000454905,True
W1,ba_n50,8,50,rl_rr_k16,0.0,146.0,8,0.0617495999977109,True
W1,ba_n50,8,50,rl_rr_ls_k16,0.0,146.0,8,0.061864600000262726,True
W1,ba_n50,8,50,old_tds_model_rr,0.0,286.0,6,0.013141000003088266,True
W1,ba_n50,8,50,rl_rr,1.0,146.0,8,0.019460900002741255,True
W1,ba_n50,8,50,rl_rr_ls,1.0,146.0,8,0.019888400001946138,True
W1,ba_n50,8,50,rl_rr_k16,1.0,146.0,8,0.05846980000205804,True
W1,ba_n50,8,50,rl_rr_ls_k16,1.0,146.0,8,0.05821060000016587,True
W1,ba_n50,8,50,old_tds_model_rr,1.0,191.0,5,0.011523699999088421,True
W1,ba_n50,9,50,weighted_greedy,,242.0,11,0.00012229999992996454,True
W1,ba_n50,9,50,weighted_greedy_rr,,208.0,9,0.00016529999993508682,True
W1,ba_n50,9,50,weighted_greedy_rr_ls,,208.0,9,0.0005461000000650529,True
W1,ba_n50,9,50,unweighted_greedy_rr,,390.0,7,0.00013129999933880754,True
W1,ba_n50,9,50,rl_rr,0.0,208.0,9,0.021518300000025192,True
W1,ba_n50,9,50,rl_rr_ls,0.0,208.0,9,0.021943300002021715,True
W1,ba_n50,9,50,rl_rr_k16,0.0,208.0,9,0.054286700000375276,True
W1,ba_n50,9,50,rl_rr_ls_k16,0.0,208.0,9,0.05458329999964917,True
W1,ba_n50,9,50,old_tds_model_rr,0.0,416.0,7,0.015972399996826425,True
W1,ba_n50,9,50,rl_rr,1.0,208.0,9,0.01922319999721367,True
W1,ba_n50,9,50,rl_rr_ls,1.0,208.0,9,0.019685599996591918,True
W1,ba_n50,9,50,rl_rr_k16,1.0,208.0,9,0.05576810000275145,True
W1,ba_n50,9,50,rl_rr_ls_k16,1.0,208.0,9,0.05663699999786331,True
W1,ba_n50,9,50,old_tds_model_rr,1.0,380.0,7,0.014920500001608161,True
W1,ba_n50,10,50,weighted_greedy,,143.0,9,0.00012649999916902743,True
W1,ba_n50,10,50,weighted_greedy_rr,,138.0,7,0.00015749999874969944,True
W1,ba_n50,10,50,weighted_greedy_rr_ls,,138.0,7,0.0004924000022583641,True
W1,ba_n50,10,50,unweighted_greedy_rr,,269.0,6,0.00012729999798466451,True
W1,ba_n50,10,50,rl_rr,0.0,138.0,7,0.01770789999864064,True
W1,ba_n50,10,50,rl_rr_ls,0.0,138.0,7,0.018111500001396053,True
W1,ba_n50,10,50,rl_rr_k16,0.0,138.0,7,0.057568100000935374,True
W1,ba_n50,10,50,rl_rr_ls_k16,0.0,138.0,7,0.05793700000140234,True
W1,ba_n50,10,50,old_tds_model_rr,0.0,269.0,6,0.013732300001720432,True
W1,ba_n50,10,50,rl_rr,1.0,138.0,7,0.022705499999574386,True
W1,ba_n50,10,50,rl_rr_ls,1.0,138.0,7,0.02312759999767877,True
W1,ba_n50,10,50,rl_rr_k16,1.0,138.0,7,0.05916340000112541,True
W1,ba_n50,10,50,rl_rr_ls_k16,1.0,138.0,7,0.05919699999867589,True
W1,ba_n50,10,50,old_tds_model_rr,1.0,210.0,6,0.01372819999960484,True
W1,ba_n50,11,50,weighted_greedy,,326.0,13,0.00016060000052675605,True
W1,ba_n50,11,50,weighted_greedy_rr,,320.0,12,0.0001689000018814113,True
W1,ba_n50,11,50,weighted_greedy_rr_ls,,320.0,12,0.00057820000074571,True
W1,ba_n50,11,50,unweighted_greedy_rr,,423.0,8,0.00014860000010230578,True
W1,ba_n50,11,50,rl_rr,0.0,320.0,10,0.026920899999822723,True
W1,ba_n50,11,50,rl_rr_ls,0.0,320.0,10,0.027312700000038603,True
W1,ba_n50,11,50,rl_rr_k16,0.0,320.0,12,0.07342910000079428,True
W1,ba_n50,11,50,rl_rr_ls_k16,0.0,320.0,12,0.07286800000292715,True
W1,ba_n50,11,50,old_tds_model_rr,0.0,448.0,9,0.02032139999937499,True
W1,ba_n50,11,50,rl_rr,1.0,327.0,9,0.026939200004562736,True
W1,ba_n50,11,50,rl_rr_ls,1.0,327.0,9,0.027329100004862994,True
W1,ba_n50,11,50,rl_rr_k16,1.0,320.0,12,0.0749686000017391,True
W1,ba_n50,11,50,rl_rr_ls_k16,1.0,320.0,12,0.07798929999989923,True
W1,ba_n50,11,50,old_tds_model_rr,1.0,464.0,8,0.018901499999628868,True
W1,ba_n50,12,50,weighted_greedy,,280.0,11,0.00016699999832781032,True
W1,ba_n50,12,50,weighted_greedy_rr,,268.0,10,0.00015870000061113387,True
W1,ba_n50,12,50,weighted_greedy_rr_ls,,259.0,9,0.0007264000014401972,True
W1,ba_n50,12,50,unweighted_greedy_rr,,369.0,5,0.00012799999967683107,True
W1,ba_n50,12,50,rl_rr,0.0,268.0,10,0.025551599999744212,True
W1,ba_n50,12,50,rl_rr_ls,0.0,259.0,9,0.026132000002689892,True
W1,ba_n50,12,50,rl_rr_k16,0.0,268.0,10,0.06393709999974817,True
W1,ba_n50,12,50,rl_rr_ls_k16,0.0,259.0,9,0.0653714999971271,True
W1,ba_n50,12,50,old_tds_model_rr,0.0,392.0,5,0.010958900002151495,True
W1,ba_n50,12,50,rl_rr,1.0,268.0,10,0.022564800001418917,True
W1,ba_n50,12,50,rl_rr_ls,1.0,259.0,9,0.023184600002423394,True
W1,ba_n50,12,50,rl_rr_k16,1.0,268.0,10,0.06284349999987171,True
W1,ba_n50,12,50,rl_rr_ls_k16,1.0,259.0,9,0.060616499999014195,True
W1,ba_n50,12,50,old_tds_model_rr,1.0,453.0,6,0.013601499998912914,True
W1,ba_n50,13,50,weighted_greedy,,257.0,8,0.0001419000000169035,True
W1,ba_n50,13,50,weighted_greedy_rr,,235.0,6,0.00014400000145542435,True
W1,ba_n50,13,50,weighted_greedy_rr_ls,,225.0,5,0.0007035999988147523,True
W1,ba_n50,13,50,unweighted_greedy_rr,,330.0,6,0.00012649999916902743,True
W1,ba_n50,13,50,rl_rr,0.0,226.0,6,0.011245700003200909,True
W1,ba_n50,13,50,rl_rr_ls,0.0,225.0,5,0.011919100004888605,True
W1,ba_n50,13,50,rl_rr_k16,0.0,226.0,6,0.034999200001038844,True
W1,ba_n50,13,50,rl_rr_ls_k16,0.0,225.0,5,0.03528079999887268,True
W1,ba_n50,13,50,old_tds_model_rr,0.0,264.0,5,0.009359200001199497,True
W1,ba_n50,13,50,rl_rr,1.0,226.0,6,0.015473999999812804,True
W1,ba_n50,13,50,rl_rr_ls,1.0,225.0,5,0.015999499999452382,True
W1,ba_n50,13,50,rl_rr_k16,1.0,226.0,6,0.04548179999983404,True
W1,ba_n50,13,50,rl_rr_ls_k16,1.0,225.0,5,0.04663020000225515,True
W1,ba_n50,13,50,old_tds_model_rr,1.0,264.0,5,0.009417699999175966,True
W1,ba_n50,14,50,weighted_greedy,,168.0,8,0.0001548000000184402,True
W1,ba_n50,14,50,weighted_greedy_rr,,158.0,7,0.0001536999989184551,True
W1,ba_n50,14,50,weighted_greedy_rr_ls,,158.0,7,0.00048429999878862873,True
W1,ba_n50,14,50,unweighted_greedy_rr,,232.0,6,0.00012969999806955457,True
W1,ba_n50,14,50,rl_rr,0.0,161.0,7,0.015342499998951098,True
W1,ba_n50,14,50,rl_rr_ls,0.0,158.0,7,0.01594470000054571,True
W1,ba_n50,14,50,rl_rr_k16,0.0,158.0,7,0.04517349999878206,True
W1,ba_n50,14,50,rl_rr_ls_k16,0.0,158.0,7,0.045680900002480485,True
W1,ba_n50,14,50,old_tds_model_rr,0.0,355.0,7,0.015274699999281438,True
W1,ba_n50,14,50,rl_rr,1.0,161.0,7,0.01850229999763542,True
W1,ba_n50,14,50,rl_rr_ls,1.0,158.0,7,0.0192280999981449,True
W1,ba_n50,14,50,rl_rr_k16,1.0,158.0,7,0.0483455999965372,True
W1,ba_n50,14,50,rl_rr_ls_k16,1.0,158.0,7,0.04919440000230679,True
W1,ba_n50,14,50,old_tds_model_rr,1.0,242.0,6,0.015219900000374764,True
W1,er_n100,0,100,weighted_greedy,,450.0,24,0.00022429999808082357,True
W1,er_n100,0,100,weighted_greedy_rr,,410.0,20,0.00029319999885046855,True
W1,er_n100,0,100,weighted_greedy_rr_ls,,410.0,20,0.0010891999991144985,True
W1,er_n100,0,100,unweighted_greedy_rr,,579.0,17,0.00030080000215093605,True
W1,er_n100,0,100,rl_rr,0.0,427.0,21,0.04391909999685595,True
W1,er_n100,0,100,rl_rr_ls,0.0,427.0,21,0.044791099997382844,True
W1,er_n100,0,100,rl_rr_k16,0.0,397.0,18,0.13718489999882877,True
W1,er_n100,0,100,rl_rr_ls_k16,0.0,397.0,18,0.14194299999871873,True
W1,er_n100,0,100,old_tds_model_rr,0.0,558.0,16,0.03774249999696622,True
W1,er_n100,0,100,rl_rr,1.0,410.0,20,0.04562560000340454,True
W1,er_n100,0,100,rl_rr_ls,1.0,410.0,20,0.04655010000351467,True
W1,er_n100,0,100,rl_rr_k16,1.0,410.0,20,0.1446792999995523,True
W1,er_n100,0,100,rl_rr_ls_k16,1.0,410.0,20,0.1453947000009066,True
W1,er_n100,0,100,old_tds_model_rr,1.0,589.0,16,0.032555200003116624,True
W1,er_n100,1,100,weighted_greedy,,526.0,29,0.0002147999985027127,True
W1,er_n100,1,100,weighted_greedy_rr,,443.0,23,0.0002829999975801911,True
W1,er_n100,1,100,weighted_greedy_rr_ls,,443.0,23,0.0009628999978303909,True
W1,er_n100,1,100,unweighted_greedy_rr,,955.0,19,0.00027629999749478884,True
W1,er_n100,1,100,rl_rr,0.0,448.0,24,0.05082150000089314,True
W1,er_n100,1,100,rl_rr_ls,0.0,444.0,23,0.05196080000314396,True
W1,er_n100,1,100,rl_rr_k16,0.0,443.0,23,0.15320099999735248,True
W1,er_n100,1,100,rl_rr_ls_k16,0.0,443.0,23,0.15174860000115586,True
W1,er_n100,1,100,old_tds_model_rr,0.0,810.0,20,0.045298799996089656,True
W1,er_n100,1,100,rl_rr,1.0,443.0,23,0.05243640000480809,True
W1,er_n100,1,100,rl_rr_ls,1.0,443.0,23,0.05323040000439505,True
W1,er_n100,1,100,rl_rr_k16,1.0,443.0,23,0.16112040000007255,True
W1,er_n100,1,100,rl_rr_ls_k16,1.0,443.0,23,0.15733589999945252,True
W1,er_n100,1,100,old_tds_model_rr,1.0,847.0,19,0.04081669999868609,True
W1,er_n100,2,100,weighted_greedy,,397.0,26,0.0002735999987635296,True
W1,er_n100,2,100,weighted_greedy_rr,,379.0,22,0.00028530000054161064,True
W1,er_n100,2,100,weighted_greedy_rr_ls,,379.0,22,0.0012572000014188234,True
W1,er_n100,2,100,unweighted_greedy_rr,,959.0,17,0.0002859999985957984,True
W1,er_n100,2,100,rl_rr,0.0,365.0,22,0.04957500000091386,True
W1,er_n100,2,100,rl_rr_ls,0.0,363.0,22,0.05104399999981979,True
W1,er_n100,2,100,rl_rr_k16,0.0,363.0,22,0.1491335999999137,True
W1,er_n100,2,100,rl_rr_ls_k16,0.0,363.0,22,0.15097310000055586,True
W1,er_n100,2,100,old_tds_model_rr,0.0,916.0,16,0.034628800000064075,True
W1,er_n100,2,100,rl_rr,1.0,381.0,24,0.05352140000104555,True
W1,er_n100,2,100,rl_rr_ls,1.0,380.0,24,0.055199300000822404,True
W1,er_n100,2,100,rl_rr_k16,1.0,380.0,24,0.15553069999805302,True
W1,er_n100,2,100,rl_rr_ls_k16,1.0,380.0,24,0.15710970000145608,True
W1,er_n100,2,100,old_tds_model_rr,1.0,876.0,16,0.039049199996952666,True
W1,er_n100,3,100,weighted_greedy,,638.0,26,0.00022499999977299012,True
W1,er_n100,3,100,weighted_greedy_rr,,624.0,25,0.0004459000010683667,True
W1,er_n100,3,100,weighted_greedy_rr_ls,,587.0,22,0.0016397999970649835,True
W1,er_n100,3,100,unweighted_greedy_rr,,970.0,18,0.00028200000087963417,True
W1,er_n100,3,100,rl_rr,0.0,610.0,24,0.05414819999714382,True
W1,er_n100,3,100,rl_rr_ls,0.0,587.0,22,0.05572989999564015,True
W1,er_n100,3,100,rl_rr_k16,0.0,583.0,23,0.15652879999834113,True
W1,er_n100,3,100,rl_rr_ls_k16,0.0,573.0,22,0.15675239999836776,True
W1,er_n100,3,100,old_tds_model_rr,0.0,912.0,17,0.03699570000026142,True
W1,er_n100,3,100,rl_rr,1.0,604.0,24,0.04977510000026086,True
W1,er_n100,3,100,rl_rr_ls,1.0,584.0,22,0.050986700000066776,True
W1,er_n100,3,100,rl_rr_k16,1.0,583.0,23,0.1516263000012259,True
W1,er_n100,3,100,rl_rr_ls_k16,1.0,573.0,22,0.15435129999968922,True
W1,er_n100,3,100,old_tds_model_rr,1.0,960.0,18,0.040014499998505926,True
W1,er_n100,4,100,weighted_greedy,,438.0,25,0.0002811999984260183,True
W1,er_n100,4,100,weighted_greedy_rr,,425.0,23,0.00029550000181188807,True
W1,er_n100,4,100,weighted_greedy_rr_ls,,421.0,22,0.0011217999999644235,True
W1,er_n100,4,100,unweighted_greedy_rr,,643.0,18,0.0002643999978317879,True
W1,er_n100,4,100,rl_rr,0.0,407.0,22,0.04716740000003483,True
W1,er_n100,4,100,rl_rr_ls,0.0,406.0,22,0.04851260000214097,True
W1,er_n100,4,100,rl_rr_k16,0.0,407.0,22,0.13925649999873713,True
W1,er_n100,4,100,rl_rr_ls_k16,0.0,406.0,22,0.13698589999694377,True
W1,er_n100,4,100,old_tds_model_rr,0.0,622.0,17,0.03634099999908358,True
W1,er_n100,4,100,rl_rr,1.0,420.0,20,0.04900220000126865,True
W1,er_n100,4,100,rl_rr_ls,1.0,396.0,19,0.05098300000099698,True
W1,er_n100,4,100,rl_rr_k16,1.0,406.0,20,0.1397093000014138,True
W1,er_n100,4,100,rl_rr_ls_k16,1.0,396.0,19,0.14430210000136867,True
W1,er_n100,4,100,old_tds_model_rr,1.0,484.0,17,0.036140999996860046,True
W1,er_n100,5,100,weighted_greedy,,482.0,22,0.00021289999858709052,True
W1,er_n100,5,100,weighted_greedy_rr,,473.0,20,0.00027889999910257757,True
W1,er_n100,5,100,weighted_greedy_rr_ls,,440.0,19,0.002488199999788776,True
W1,er_n100,5,100,unweighted_greedy_rr,,907.0,16,0.00031180000223685056,True
W1,er_n100,5,100,rl_rr,0.0,469.0,19,0.04205300000103307,True
W1,er_n100,5,100,rl_rr_ls,0.0,444.0,19,0.04426610000155051,True
W1,er_n100,5,100,rl_rr_k16,0.0,439.0,19,0.1287709000025643,True
W1,er_n100,5,100,rl_rr_ls_k16,0.0,439.0,19,0.1315549999999348,True
W1,er_n100,5,100,old_tds_model_rr,0.0,909.0,15,0.03127340000355616,True
W1,er_n100,5,100,rl_rr,1.0,455.0,19,0.04424449999714852,True
W1,er_n100,5,100,rl_rr_ls,1.0,444.0,19,0.045722399998339824,True
W1,er_n100,5,100,rl_rr_k16,1.0,439.0,19,0.13366759999917122,True
W1,er_n100,5,100,rl_rr_ls_k16,1.0,439.0,19,0.1348898999967787,True
W1,er_n100,5,100,old_tds_model_rr,1.0,813.0,15,0.03459619999921415,True
W1,er_n100,6,100,weighted_greedy,,446.0,21,0.00022149999858811498,True
W1,er_n100,6,100,weighted_greedy_rr,,437.0,20,0.0002798999994411133,True
W1,er_n100,6,100,weighted_greedy_rr_ls,,437.0,20,0.0010171000030823052,True
W1,er_n100,6,100,unweighted_greedy_rr,,739.0,15,0.0002735999987635296,True
W1,er_n100,6,100,rl_rr,0.0,405.0,19,0.0442083999987517,True
W1,er_n100,6,100,rl_rr_ls,0.0,405.0,19,0.04502839999986463,True
W1,er_n100,6,100,rl_rr_k16,0.0,405.0,19,0.12816639999800827,True
W1,er_n100,6,100,rl_rr_ls_k16,0.0,405.0,19,0.1288023000015528,True
W1,er_n100,6,100,old_tds_model_rr,0.0,731.0,14,0.030581499995605554,True
W1,er_n100,6,100,rl_rr,1.0,429.0,20,0.046849899998051114,True
W1,er_n100,6,100,rl_rr_ls,1.0,429.0,20,0.047689399998489534,True
W1,er_n100,6,100,rl_rr_k16,1.0,405.0,19,0.13631809999787947,True
W1,er_n100,6,100,rl_rr_ls_k16,1.0,405.0,19,0.14217999999891617,True
W1,er_n100,6,100,old_tds_model_rr,1.0,708.0,14,0.03183859999990091,True
W1,er_n100,7,100,weighted_greedy,,692.0,21,0.00025100000129896216,True
W1,er_n100,7,100,weighted_greedy_rr,,672.0,19,0.00028499999825726263,True
W1,er_n100,7,100,weighted_greedy_rr_ls,,662.0,18,0.0011414000000513624,True
W1,er_n100,7,100,unweighted_greedy_rr,,927.0,16,0.0002811999984260183,True
W1,er_n100,7,100,rl_rr,0.0,632.0,18,0.03969950000100653,True
W1,er_n100,7,100,rl_rr_ls,0.0,620.0,17,0.040527799999836134,True
W1,er_n100,7,100,rl_rr_k16,0.0,596.0,17,0.12371129999883124,True
W1,er_n100,7,100,rl_rr_ls_k16,0.0,596.0,17,0.12018109999917215,True
W1,er_n100,7,100,old_tds_model_rr,0.0,960.0,17,0.03672720000031404,True
W1,er_n100,7,100,rl_rr,1.0,617.0,17,0.03828269999939948,True
W1,er_n100,7,100,rl_rr_ls,1.0,617.0,17,0.039078399997379165,True
W1,er_n100,7,100,rl_rr_k16,1.0,602.0,17,0.12200239999947371,True
W1,er_n100,7,100,rl_rr_ls_k16,1.0,602.0,17,0.1216932999996061,True
W1,er_n100,7,100,old_tds_model_rr,1.0,863.0,16,0.035247899999376386,True
W1,er_n100,8,100,weighted_greedy,,721.0,26,0.0002220999995188322,True
W1,er_n100,8,100,weighted_greedy_rr,,696.0,23,0.0002745000019785948,True
W1,er_n100,8,100,weighted_greedy_rr_ls,,657.0,22,0.0009702000024844892,True
W1,er_n100,8,100,unweighted_greedy_rr,,923.0,19,0.00026820000130101107,True
W1,er_n100,8,100,rl_rr,0.0,625.0,20,0.03867619999800809,True
W1,er_n100,8,100,rl_rr_ls,0.0,625.0,20,0.03937419999783742,True
W1,er_n100,8,100,rl_rr_k16,0.0,625.0,20,0.11772729999938747,True
W1,er_n100,8,100,rl_rr_ls_k16,0.0,625.0,20,0.12000890000126674,True
W1,er_n100,8,100,old_tds_model_rr,0.0,1126.0,19,0.035700399999768706,True
W1,er_n100,8,100,rl_rr,1.0,671.0,22,0.043191200002183905,True
W1,er_n100,8,100,rl_rr_ls,1.0,665.0,21,0.04461210000226856,True
W1,er_n100,8,100,rl_rr_k16,1.0,644.0,20,0.1305584000001545,True
W1,er_n100,8,100,rl_rr_ls_k16,1.0,637.0,19,0.13224049999917042,True
W1,er_n100,8,100,old_tds_model_rr,1.0,931.0,19,0.0372317999972438,True
W1,er_n100,9,100,weighted_greedy,,494.0,27,0.0003285999991931021,True
W1,er_n100,9,100,weighted_greedy_rr,,446.0,22,0.0003054000007978175,True
W1,er_n100,9,100,weighted_greedy_rr_ls,,446.0,22,0.0010107999987667426,True
W1,er_n100,9,100,unweighted_greedy_rr,,666.0,17,0.00031289999969885685,True
W1,er_n100,9,100,rl_rr,0.0,429.0,22,0.04971220000152243,True
W1,er_n100,9,100,rl_rr_ls,0.0,429.0,22,0.05046570000195061,True
W1,er_n100,9,100,rl_rr_k16,0.0,421.0,20,0.15155989999766462,True
W1,er_n100,9,100,rl_rr_ls_k16,0.0,421.0,20,0.15132090000042808,True
W1,er_n100,9,100,old_tds_model_rr,0.0,712.0,17,0.03827180000007502,True
W1,er_n100,9,100,rl_rr,1.0,446.0,24,0.05794390000301064,True
W1,er_n100,9,100,rl_rr_ls,1.0,427.0,20,0.05917760000374983,True
W1,er_n100,9,100,rl_rr_k16,1.0,442.0,21,0.1642178000001877,True
W1,er_n100,9,100,rl_rr_ls_k16,1.0,421.0,20,0.16018439999970724,True
W1,er_n100,9,100,old_tds_model_rr,1.0,761.0,17,0.03701040000305511,True
W1,er_n100,10,100,weighted_greedy,,541.0,24,0.00021670000205631368,True
W1,er_n100,10,100,weighted_greedy_rr,,540.0,23,0.00028390000079525635,True
W1,er_n100,10,100,weighted_greedy_rr_ls,,540.0,23,0.0009967000005417503,True
W1,er_n100,10,100,unweighted_greedy_rr,,990.0,18,0.00026359999901615083,True
W1,er_n100,10,100,rl_rr,0.0,540.0,23,0.05166050000116229,True
W1,er_n100,10,100,rl_rr_ls,0.0,540.0,23,0.05243220000193105,True
W1,er_n100,10,100,rl_rr_k16,0.0,540.0,23,0.14558599999872968,True
W1,er_n100,10,100,rl_rr_ls_k16,0.0,540.0,23,0.1469662999988941,True
W1,er_n100,10,100,old_tds_model_rr,0.0,959.0,16,0.03352119999908609,True
W1,er_n100,10,100,rl_rr,1.0,540.0,23,0.047134999997069826,True
W1,er_n100,10,100,rl_rr_ls,1.0,540.0,23,0.047962699994968716,True
W1,er_n100,10,100,rl_rr_k16,1.0,540.0,23,0.1411021999992954,True
W1,er_n100,10,100,rl_rr_ls_k16,1.0,540.0,23,0.1453155000017432,True
W1,er_n100,10,100,old_tds_model_rr,1.0,1038.0,17,0.036748299997270806,True
W1,er_n100,11,100,weighted_greedy,,583.0,26,0.00021890000061830506,True
W1,er_n100,11,100,weighted_greedy_rr,,542.0,23,0.00028540000130306,True
W1,er_n100,11,100,weighted_greedy_rr_ls,,533.0,22,0.0012337999978626613,True
W1,er_n100,11,100,unweighted_greedy_rr,,928.0,19,0.00028469999961089343,True
W1,er_n100,11,100,rl_rr,0.0,518.0,20,0.05026189999989583,True
W1,er_n100,11,100,rl_rr_ls,0.0,509.0,19,0.051252900000690715,True
W1,er_n100,11,100,rl_rr_k16,0.0,478.0,19,0.151180499997281,True
W1,er_n100,11,100,rl_rr_ls_k16,0.0,472.0,19,0.15315449999980046,True
W1,er_n100,11,100,old_tds_model_rr,0.0,779.0,17,0.03650239999842597,True
W1,er_n100,11,100,rl_rr,1.0,524.0,22,0.051812100002280204,True
W1,er_n100,11,100,rl_rr_ls,1.0,509.0,19,0.05313570000362233,True
W1,er_n100,11,100,rl_rr_k16,1.0,480.0,20,0.14916929999890272,True
W1,er_n100,11,100,rl_rr_ls_k16,1.0,479.0,19,0.15050429999973858,True
W1,er_n100,11,100,old_tds_model_rr,1.0,641.0,17,0.037196000001131324,True
W1,er_n100,12,100,weighted_greedy,,402.0,26,0.00021080000078654848,True
W1,er_n100,12,100,weighted_greedy_rr,,371.0,23,0.0002815000007103663,True
W1,er_n100,12,100,weighted_greedy_rr_ls,,360.0,22,0.0019420999997237232,True
W1,er_n100,12,100,unweighted_greedy_rr,,995.0,18,0.00027879999834112823,True
W1,er_n100,12,100,rl_rr,0.0,367.0,22,0.055051999999705004,True
W1,er_n100,12,100,rl_rr_ls,0.0,360.0,22,0.05631830000129412,True
W1,er_n100,12,100,rl_rr_k16,0.0,360.0,22,0.1510578000015812,True
W1,er_n100,12,100,rl_rr_ls_k16,0.0,360.0,22,0.15196930000092834,True
W1,er_n100,12,100,old_tds_model_rr,0.0,987.0,18,0.03822120000040741,True
W1,er_n100,12,100,rl_rr,1.0,360.0,22,0.05150760000105947,True
W1,er_n100,12,100,rl_rr_ls,1.0,360.0,22,0.05226309999852674,True
W1,er_n100,12,100,rl_rr_k16,1.0,360.0,22,0.1518541000004916,True
W1,er_n100,12,100,rl_rr_ls_k16,1.0,360.0,22,0.15126889999737614,True
W1,er_n100,12,100,old_tds_model_rr,1.0,721.0,18,0.0373392999972566,True
W1,er_n100,13,100,weighted_greedy,,447.0,25,0.0002773000014713034,True
W1,er_n100,13,100,weighted_greedy_rr,,397.0,21,0.0002967000000353437,True
W1,er_n100,13,100,weighted_greedy_rr_ls,,397.0,21,0.0012120999999751803,True
W1,er_n100,13,100,unweighted_greedy_rr,,734.0,16,0.00028610000299522653,True
W1,er_n100,13,100,rl_rr,0.0,419.0,21,0.04500899999766261,True
W1,er_n100,13,100,rl_rr_ls,0.0,409.0,19,0.046077499999228166,True
W1,er_n100,13,100,rl_rr_k16,0.0,412.0,21,0.13211210000008577,True
W1,er_n100,13,100,rl_rr_ls_k16,0.0,412.0,21,0.132754099999147,True
W1,er_n100,13,100,old_tds_model_rr,0.0,714.0,17,0.035528899996279506,True
W1,er_n100,13,100,rl_rr,1.0,420.0,21,0.04919979999976931,True
W1,er_n100,13,100,rl_rr_ls,1.0,420.0,21,0.05007860000114306,True
W1,er_n100,13,100,rl_rr_k16,1.0,401.0,19,0.1441789999989851,True
W1,er_n100,13,100,rl_rr_ls_k16,1.0,401.0,19,0.14885140000114916,True
W1,er_n100,13,100,old_tds_model_rr,1.0,701.0,16,0.03743599999870639,True
W1,er_n100,14,100,weighted_greedy,,555.0,23,0.00023330000112764537,True
W1,er_n100,14,100,weighted_greedy_rr,,547.0,22,0.0002916000012191944,True
W1,er_n100,14,100,weighted_greedy_rr_ls,,483.0,20,0.002839000000676606,True
W1,er_n100,14,100,unweighted_greedy_rr,,805.0,18,0.0003010000000358559,True
W1,er_n100,14,100,rl_rr,0.0,516.0,22,0.04762320000008913,True
W1,er_n100,14,100,rl_rr_ls,0.0,484.0,21,0.05026729999735835,True
W1,er_n100,14,100,rl_rr_k16,0.0,484.0,21,0.13925400000152877,True
W1,er_n100,14,100,rl_rr_ls_k16,0.0,484.0,21,0.14181140000073356,True
W1,er_n100,14,100,old_tds_model_rr,0.0,641.0,16,0.035197500001231674,True
W1,er_n100,14,100,rl_rr,1.0,489.0,21,0.047955499998352025,True
W1,er_n100,14,100,rl_rr_ls,1.0,474.0,21,0.049283500000456115,True
W1,er_n100,14,100,rl_rr_k16,1.0,484.0,21,0.1485447999984899,True
W1,er_n100,14,100,rl_rr_ls_k16,1.0,484.0,21,0.14642149999781395,True
W1,er_n100,14,100,old_tds_model_rr,1.0,674.0,17,0.036789799996768124,True
W1,er_n20,0,20,weighted_greedy,,77.0,4,8.049999814829789e-05,True
W1,er_n20,0,20,weighted_greedy_rr,,58.0,3,0.00010340000153519213,True
W1,er_n20,0,20,weighted_greedy_rr_ls,,58.0,3,0.0002724999976635445,True
W1,er_n20,0,20,unweighted_greedy_rr,,78.0,2,8.5299998318078e-05,True
W1,er_n20,0,20,rl_rr,0.0,58.0,3,0.006977199998800643,True
W1,er_n20,0,20,rl_rr_ls,0.0,58.0,3,0.007169100001192419,True
W1,er_n20,0,20,rl_rr_k16,0.0,58.0,3,0.027110999999422347,True
W1,er_n20,0,20,rl_rr_ls_k16,0.0,58.0,3,0.028399499999068212,True
W1,er_n20,0,20,old_tds_model_rr,0.0,78.0,2,0.004733199999463977,True
W1,er_n20,0,20,rl_rr,1.0,87.0,5,0.012273799999093171,True
W1,er_n20,0,20,rl_rr_ls,1.0,58.0,3,0.012491400000726571,True
W1,er_n20,0,20,rl_rr_k16,1.0,58.0,3,0.035971100001916056,True
W1,er_n20,0,20,rl_rr_ls_k16,1.0,58.0,3,0.037268399999447865,True
W1,er_n20,0,20,old_tds_model_rr,1.0,78.0,2,0.00483189999795286,True
W1,er_n20,1,20,weighted_greedy,,60.0,4,7.679999907850288e-05,True
W1,er_n20,1,20,weighted_greedy_rr,,51.0,3,9.630000204197131e-05,True
W1,er_n20,1,20,weighted_greedy_rr_ls,,51.0,3,0.000252800000453135,True
W1,er_n20,1,20,unweighted_greedy_rr,,120.0,2,7.439999899361283e-05,True
W1,er_n20,1,20,rl_rr,0.0,51.0,3,0.006854799998109229,True
W1,er_n20,1,20,rl_rr_ls,0.0,51.0,3,0.007038899995677639,True
W1,er_n20,1,20,rl_rr_k16,0.0,51.0,3,0.021964900002785726,True
W1,er_n20,1,20,rl_rr_ls_k16,0.0,51.0,3,0.021440700002131052,True
W1,er_n20,1,20,old_tds_model_rr,0.0,120.0,2,0.006823599997005658,True
W1,er_n20,1,20,rl_rr,1.0,51.0,3,0.007946400000946596,True
W1,er_n20,1,20,rl_rr_ls,1.0,51.0,3,0.008145300002070144,True
W1,er_n20,1,20,rl_rr_k16,1.0,51.0,3,0.02110950000133016,True
W1,er_n20,1,20,rl_rr_ls_k16,1.0,51.0,3,0.02270230000067386,True
W1,er_n20,1,20,old_tds_model_rr,1.0,120.0,2,0.004501100000197766,True
W1,er_n20,2,20,weighted_greedy,,55.0,5,7.520000144722871e-05,True
W1,er_n20,2,20,weighted_greedy_rr,,54.0,4,9.999999747378752e-05,True
W1,er_n20,2,20,weighted_greedy_rr_ls,,49.0,3,0.0003542000013112556,True
W1,er_n20,2,20,unweighted_greedy_rr,,128.0,3,8.35999999253545e-05,True
W1,er_n20,2,20,rl_rr,0.0,54.0,4,0.011111200001323596,True
W1,er_n20,2,20,rl_rr_ls,0.0,49.0,3,0.011405700002796948,True
W1,er_n20,2,20,rl_rr_k16,0.0,49.0,3,0.032090600001538405,True
W1,er_n20,2,20,rl_rr_ls_k16,0.0,49.0,3,0.032681099997716956,True
W1,er_n20,2,20,old_tds_model_rr,0.0,127.0,3,0.009517899998172652,True
W1,er_n20,2,20,rl_rr,1.0,49.0,3,0.011503199999424396,True
W1,er_n20,2,20,rl_rr_ls,1.0,49.0,3,0.01168110000071465,True
W1,er_n20,2,20,rl_rr_k16,1.0,49.0,3,0.033842699998785974,True
W1,er_n20,2,20,rl_rr_ls_k16,1.0,49.0,3,0.035102800000458956,True
W1,er_n20,2,20,old_tds_model_rr,1.0,49.0,3,0.006905499998538289,True
W1,er_n20,3,20,weighted_greedy,,119.0,4,9.610000051907264e-05,True
W1,er_n20,3,20,weighted_greedy_rr,,119.0,4,9.860000136541203e-05,True
W1,er_n20,3,20,weighted_greedy_rr_ls,,119.0,4,0.0003023999997822102,True
W1,er_n20,3,20,unweighted_greedy_rr,,208.0,3,8.70000003487803e-05,True
W1,er_n20,3,20,rl_rr,0.0,119.0,4,0.009030300003360026,True
W1,er_n20,3,20,rl_rr_ls,0.0,119.0,4,0.00925700000152574,True
W1,er_n20,3,20,rl_rr_k16,0.0,119.0,4,0.025897499999700813,True
W1,er_n20,3,20,rl_rr_ls_k16,0.0,119.0,4,0.02350960000330815,True
W1,er_n20,3,20,old_tds_model_rr,0.0,189.0,3,0.007185499998740852,True
W1,er_n20,3,20,rl_rr,1.0,119.0,4,0.008663099997647805,True
W1,er_n20,3,20,rl_rr_ls,1.0,119.0,4,0.008901299996068701,True
W1,er_n20,3,20,rl_rr_k16,1.0,119.0,4,0.025016999999934342,True
W1,er_n20,3,20,rl_rr_ls_k16,1.0,119.0,4,0.02458929999920656,True
W1,er_n20,3,20,old_tds_model_rr,1.0,169.0,3,0.006775499998184387,True
W1,er_n20,4,20,weighted_greedy,,46.0,3,8.380000144825317e-05,True
W1,er_n20,4,20,weighted_greedy_rr,,46.0,3,8.829999933368526e-05,True
W1,er_n20,4,20,weighted_greedy_rr_ls,,46.0,3,0.0002567000010458287,True
W1,er_n20,4,20,unweighted_greedy_rr,,124.0,3,8.08000004326459e-05,True
W1,er_n20,4,20,rl_rr,0.0,46.0,3,0.00520650000180467,True
W1,er_n20,4,20,rl_rr_ls,0.0,46.0,3,0.005415100000391249,True
W1,er_n20,4,20,rl_rr_k16,0.0,46.0,3,0.014374499998666579,True
W1,er_n20,4,20,rl_rr_ls_k16,0.0,46.0,3,0.014145000001008157,True
W1,er_n20,4,20,old_tds_model_rr,0.0,46.0,3,0.00471069999912288,True
W1,er_n20,4,20,rl_rr,1.0,46.0,3,0.004977399996278109,True
W1,er_n20,4,20,rl_rr_ls,1.0,46.0,3,0.00516859999333974,True
W1,er_n20,4,20,rl_rr_k16,1.0,46.0,3,0.014682799999718554,True
W1,er_n20,4,20,rl_rr_ls_k16,1.0,46.0,3,0.01498390000051586,True
W1,er_n20,4,20,old_tds_model_rr,1.0,124.0,3,0.005000499997549923,True
W1,er_n20,5,20,weighted_greedy,,115.0,6,8.659999730298296e-05,True
W1,er_n20,5,20,weighted_greedy_rr,,103.0,4,0.0001066999975591898,True
W1,er_n20,5,20,weighted_greedy_rr_ls,,95.0,4,0.0003647999983513728,True
W1,er_n20,5,20,unweighted_greedy_rr,,125.0,3,8.459999662591144e-05,True
W1,er_n20,5,20,rl_rr,0.0,103.0,4,0.010891799996898044,True
W1,er_n20,5,20,rl_rr_ls,0.0,95.0,4,0.011200799996004207,True
W1,er_n20,5,20,rl_rr_k16,0.0,95.0,4,0.032939900000201305,True
W1,er_n20,5,20,rl_rr_ls_k16,0.0,95.0,4,0.03319619999820134,True
W1,er_n20,5,20,old_tds_model_rr,0.0,150.0,3,0.007152000001951819,True
W1,er_n20,5,20,rl_rr,1.0,103.0,4,0.012904699997307034,True
W1,er_n20,5,20,rl_rr_ls,1.0,95.0,4,0.013195099996664794,True
W1,er_n20,5,20,rl_rr_k16,1.0,103.0,4,0.03507750000062515,True
W1,er_n20,5,20,rl_rr_ls_k16,1.0,95.0,4,0.03653979999944568,True
W1,er_n20,5,20,old_tds_model_rr,1.0,138.0,4,0.009611299996322487,True
W1,er_n20,6,20,weighted_greedy,,93.0,5,9.549999958835542e-05,True
W1,er_n20,6,20,weighted_greedy_rr,,93.0,5,9.610000051907264e-05,True
W1,er_n20,6,20,weighted_greedy_rr_ls,,93.0,5,0.000278499999694759,True
W1,er_n20,6,20,unweighted_greedy_rr,,134.0,3,8.010000237845816e-05,True
W1,er_n20,6,20,rl_rr,0.0,93.0,5,0.01213889999780804,True
W1,er_n20,6,20,rl_rr_ls,0.0,93.0,5,0.012384199999360135,True
W1,er_n20,6,20,rl_rr_k16,0.0,93.0,5,0.030385299996851245,True
W1,er_n20,6,20,rl_rr_ls_k16,0.0,93.0,5,0.03113409999787109,True
W1,er_n20,6,20,old_tds_model_rr,0.0,134.0,3,0.008577000004152069,True
W1,er_n20,6,20,rl_rr,1.0,93.0,5,0.013161300001229392,True
W1,er_n20,6,20,rl_rr_ls,1.0,93.0,5,0.013360500000999309,True
W1,er_n20,6,20,rl_rr_k16,1.0,93.0,5,0.03105380000124569,True
W1,er_n20,6,20,rl_rr_ls_k16,1.0,93.0,5,0.03181939999922179,True
W1,er_n20,6,20,old_tds_model_rr,1.0,134.0,3,0.007133200000680517,True
W1,er_n20,7,20,weighted_greedy,,107.0,6,8.890000026440248e-05,True
W1,er_n20,7,20,weighted_greedy_rr,,96.0,5,0.00010320000001229346,True
W1,er_n20,7,20,weighted_greedy_rr_ls,,96.0,5,0.0002583999994385522,True
W1,er_n20,7,20,unweighted_greedy_rr,,192.0,4,8.589999924879521e-05,True
W1,er_n20,7,20,rl_rr,0.0,96.0,5,0.011223899997276021,True
W1,er_n20,7,20,rl_rr_ls,0.0,96.0,5,0.011418999998568324,True
W1,er_n20,7,20,rl_rr_k16,0.0,96.0,5,0.032693400000425754,True
W1,er_n20,7,20,rl_rr_ls_k16,0.0,96.0,5,0.03262000000177068,True
W1,er_n20,7,20,old_tds_model_rr,0.0,148.0,4,0.009067299997695955,True
W1,er_n20,7,20,rl_rr,1.0,96.0,5,0.013690400002815295,True
W1,er_n20,7,20,rl_rr_ls,1.0,96.0,5,0.013907300002756529,True
W1,er_n20,7,20,rl_rr_k16,1.0,94.0,4,0.03963850000218372,True
W1,er_n20,7,20,rl_rr_ls_k16,1.0,94.0,4,0.038533599999936996,True
W1,er_n20,7,20,old_tds_model_rr,1.0,178.0,4,0.009240200000931509,True
W1,er_n20,8,20,weighted_greedy,,56.0,5,8.059999890974723e-05,True
W1,er_n20,8,20,weighted_greedy_rr,,53.0,4,9.810000119614415e-05,True
W1,er_n20,8,20,weighted_greedy_rr_ls,,53.0,4,0.0002558999985922128,True
W1,er_n20,8,20,unweighted_greedy_rr,,93.0,3,8.5299998318078e-05,True
W1,er_n20,8,20,rl_rr,0.0,53.0,4,0.011462099999334896,True
W1,er_n20,8,20,rl_rr_ls,0.0,53.0,4,0.01164749999952619,True
W1,er_n20,8,20,rl_rr_k16,0.0,53.0,4,0.03079500000239932,True
W1,er_n20,8,20,rl_rr_ls_k16,0.0,53.0,4,0.029970799998409348,True
W1,er_n20,8,20,old_tds_model_rr,0.0,77.0,4,0.009694699998362921,True
W1,er_n20,8,20,rl_rr,1.0,53.0,4,0.011626600000454346,True
W1,er_n20,8,20,rl_rr_ls,1.0,53.0,4,0.011809000003268011,True
W1,er_n20,8,20,rl_rr_k16,1.0,53.0,4,0.030646800001704833,True
W1,er_n20,8,20,rl_rr_ls_k16,1.0,53.0,4,0.033578499998839106,True
W1,er_n20,8,20,old_tds_model_rr,1.0,89.0,3,0.006523300002299948,True
W1,er_n20,9,20,weighted_greedy,,95.0,5,7.829999958630651e-05,True
W1,er_n20,9,20,weighted_greedy_rr,,85.0,4,0.00010040000051958486,True
W1,er_n20,9,20,weighted_greedy_rr_ls,,85.0,4,0.00024819999816827476,True
W1,er_n20,9,20,unweighted_greedy_rr,,227.0,4,8.479999814881012e-05,True
W1,er_n20,9,20,rl_rr,0.0,85.0,4,0.010584999999991851,True
W1,er_n20,9,20,rl_rr_ls,0.0,85.0,4,0.010789299998577917,True
W1,er_n20,9,20,rl_rr_k16,0.0,85.0,4,0.03237040000021807,True
W1,er_n20,9,20,rl_rr_ls_k16,0.0,85.0,4,0.03200010000000475,True
W1,er_n20,9,20,old_tds_model_rr,0.0,227.0,4,0.00944349999917904,True
W1,er_n20,9,20,rl_rr,1.0,89.0,4,0.00879480000003241,True
W1,er_n20,9,20,rl_rr_ls,1.0,85.0,4,0.009052000001247507,True
W1,er_n20,9,20,rl_rr_k16,1.0,89.0,4,0.03003510000053211,True
W1,er_n20,9,20,rl_rr_ls_k16,1.0,85.0,4,0.02975209999931394,True
W1,er_n20,9,20,old_tds_model_rr,1.0,175.0,4,0.008497499999066349,True
W1,er_n20,10,20,weighted_greedy,,55.0,3,7.449999975506216e-05,True
W1,er_n20,10,20,weighted_greedy_rr,,55.0,3,9.180000051856041e-05,True
W1,er_n20,10,20,weighted_greedy_rr_ls,,55.0,3,0.0002473999993526377,True
W1,er_n20,10,20,unweighted_greedy_rr,,141.0,3,8.22000001790002e-05,True
W1,er_n20,10,20,rl_rr,0.0,55.0,3,0.0073085999974864535,True
W1,er_n20,10,20,rl_rr_ls,0.0,55.0,3,0.007496300000639167,True
W1,er_n20,10,20,rl_rr_k16,0.0,55.0,3,0.020789399997738656,True
W1,er_n20,10,20,rl_rr_ls_k16,0.0,55.0,3,0.0220244999982242,True
W1,er_n20,10,20,old_tds_model_rr,0.0,141.0,3,0.007529600003181258,True
W1,er_n20,10,20,rl_rr,1.0,55.0,3,0.006943400003365241,True
W1,er_n20,10,20,rl_rr_ls,1.0,55.0,3,0.007132200000341982,True
W1,er_n20,10,20,rl_rr_k16,1.0,55.0,3,0.01865469999756897,True
W1,er_n20,10,20,rl_rr_ls_k16,1.0,55.0,3,0.018926999997347593,True
W1,er_n20,10,20,old_tds_model_rr,1.0,76.0,3,0.0074421999997866806,True
W1,er_n20,11,20,weighted_greedy,,66.0,4,9.520000094198622e-05,True
W1,er_n20,11,20,weighted_greedy_rr,,66.0,4,9.800000043469481e-05,True
W1,er_n20,11,20,weighted_greedy_rr_ls,,66.0,4,0.00026979999893228523,True
W1,er_n20,11,20,unweighted_greedy_rr,,99.0,4,9.470000077271834e-05,True
W1,er_n20,11,20,rl_rr,0.0,66.0,4,0.00858180000068387,True
W1,er_n20,11,20,rl_rr_ls,0.0,66.0,4,0.008776799997576745,True
W1,er_n20,11,20,rl_rr_k16,0.0,66.0,4,0.024701999998796964,True
W1,er_n20,11,20,rl_rr_ls_k16,0.0,66.0,4,0.025670200000604382,True
W1,er_n20,11,20,old_tds_model_rr,0.0,250.0,4,0.010475000002770685,True
W1,er_n20,11,20,rl_rr,1.0,66.0,4,0.00938020000103279,True
W1,er_n20,11,20,rl_rr_ls,1.0,66.0,4,0.009570100002747495,True
W1,er_n20,11,20,rl_rr_k16,1.0,66.0,4,0.02450969999699737,True
W1,er_n20,11,20,rl_rr_ls_k16,1.0,66.0,4,0.02540939999744296,True
W1,er_n20,11,20,old_tds_model_rr,1.0,99.0,4,0.010306100000889273,True
W1,er_n20,12,20,weighted_greedy,,88.0,4,7.610000102431513e-05,True
W1,er_n20,12,20,weighted_greedy_rr,,85.0,3,9.359999967273325e-05,True
W1,er_n20,12,20,weighted_greedy_rr_ls,,85.0,3,0.00024400000256719068,True
W1,er_n20,12,20,unweighted_greedy_rr,,306.0,4,8.95000011951197e-05,True
W1,er_n20,12,20,rl_rr,0.0,85.0,3,0.008938699997088406,True
W1,er_n20,12,20,rl_rr_ls,0.0,85.0,3,0.009133899999142159,True
W1,er_n20,12,20,rl_rr_k16,0.0,85.0,3,0.024749500000325497,True
W1,er_n20,12,20,rl_rr_ls_k16,0.0,85.0,3,0.02562219999890658,True
W1,er_n20,12,20,old_tds_model_rr,0.0,163.0,3,0.007539100002759369,True
W1,er_n20,12,20,rl_rr,1.0,85.0,3,0.007357299997238442,True
W1,er_n20,12,20,rl_rr_ls,1.0,85.0,3,0.007563099996332312,True
W1,er_n20,12,20,rl_rr_k16,1.0,85.0,3,0.02253529999870807,True
W1,er_n20,12,20,rl_rr_ls_k16,1.0,85.0,3,0.022398499997507315,True
W1,er_n20,12,20,old_tds_model_rr,1.0,194.0,3,0.007762100001855288,True
W1,er_n20,13,20,weighted_greedy,,69.0,4,9.59999997576233e-05,True
W1,er_n20,13,20,weighted_greedy_rr,,56.0,3,0.00011059999815188348,True
W1,er_n20,13,20,weighted_greedy_rr_ls,,56.0,3,0.0002826999989338219,True
W1,er_n20,13,20,unweighted_greedy_rr,,146.0,3,8.710000111022964e-05,True
W1,er_n20,13,20,rl_rr,0.0,56.0,3,0.010507299997698283,True
W1,er_n20,13,20,rl_rr_ls,0.0,56.0,3,0.01069419999839738,True
W1,er_n20,13,20,rl_rr_k16,0.0,56.0,3,0.02410289999897941,True
W1,er_n20,13,20,rl_rr_ls_k16,0.0,56.0,3,0.02405459999863524,True
W1,er_n20,13,20,old_tds_model_rr,0.0,234.0,4,0.009176100003969623,True
W1,er_n20,13,20,rl_rr,1.0,56.0,3,0.006964200001675636,True
W1,er_n20,13,20,rl_rr_ls,1.0,56.0,3,0.007184100002632476,True
W1,er_n20,13,20,rl_rr_k16,1.0,56.0,3,0.021728700001403922,True
W1,er_n20,13,20,rl_rr_ls_k16,1.0,56.0,3,0.02279429999907734,True
W1,er_n20,13,20,old_tds_model_rr,1.0,112.0,3,0.007432800000970019,True
W1,er_n20,14,20,weighted_greedy,,63.0,5,8.650000017951243e-05,True
W1,er_n20,14,20,weighted_greedy_rr,,63.0,5,0.00010159999874304049,True
W1,er_n20,14,20,weighted_greedy_rr_ls,,63.0,5,0.0002945000014733523,True
W1,er_n20,14,20,unweighted_greedy_rr,,169.0,3,8.650000017951243e-05,True
W1,er_n20,14,20,rl_rr,0.0,63.0,5,0.010618899996188702,True
W1,er_n20,14,20,rl_rr_ls,0.0,63.0,5,0.01081779999731225,True
W1,er_n20,14,20,rl_rr_k16,0.0,63.0,5,0.030931999997847015,True
W1,er_n20,14,20,rl_rr_ls_k16,0.0,63.0,5,0.03069129999857978,True
W1,er_n20,14,20,old_tds_model_rr,0.0,169.0,3,0.007881599998654565,True
W1,er_n20,14,20,rl_rr,1.0,63.0,5,0.01135700000304496,True
W1,er_n20,14,20,rl_rr_ls,1.0,63.0,5,0.011566100005438784,True
W1,er_n20,14,20,rl_rr_k16,1.0,63.0,5,0.03356019999773707,True
W1,er_n20,14,20,rl_rr_ls_k16,1.0,63.0,5,0.03653699999995297,True
W1,er_n20,14,20,old_tds_model_rr,1.0,119.0,3,0.007213500000943895,True
W1,er_n200,0,200,weighted_greedy,,1092.0,54,0.0004924999993818346,True
W1,er_n200,0,200,weighted_greedy_rr,,998.0,44,0.0005775999998149928,True
W1,er_n200,0,200,weighted_greedy_rr_ls,,985.0,41,0.002854099999240134,True
W1,er_n200,0,200,unweighted_greedy_rr,,1764.0,36,0.0005501999985426664,True
W1,er_n200,0,200,rl_rr,0.0,1005.0,44,0.09439269999711541,True
W1,er_n200,0,200,rl_rr_ls,0.0,1002.0,44,0.09715599999617552,True
W1,er_n200,0,200,rl_rr_k16,0.0,985.0,41,0.3936333999990893,True
W1,er_n200,0,200,rl_rr_ls_k16,0.0,985.0,41,0.34080850000100327,True
W1,er_n200,0,200,old_tds_model_rr,0.0,1557.0,35,0.07257440000103088,True
W1,er_n200,0,200,rl_rr,1.0,1027.0,45,0.10294079999948735,True
W1,er_n200,0,200,rl_rr_ls,1.0,991.0,41,0.10686180000266177,True
W1,er_n200,0,200,rl_rr_k16,1.0,995.0,44,0.34832859999733046,True
W1,er_n200,0,200,rl_rr_ls_k16,1.0,990.0,42,0.353217300002143,True
W1,er_n200,0,200,old_tds_model_rr,1.0,1578.0,36,0.07346510000206763,True
W1,er_n200,1,200,weighted_greedy,,721.0,50,0.0005693000020983163,True
W1,er_n200,1,200,weighted_greedy_rr,,669.0,43,0.0005438000007416122,True
W1,er_n200,1,200,weighted_greedy_rr_ls,,668.0,43,0.0034743000032904092,True
W1,er_n200,1,200,unweighted_greedy_rr,,1522.0,33,0.0005440999993879814,True
W1,er_n200,1,200,rl_rr,0.0,671.0,44,0.0963116999992053,True
W1,er_n200,1,200,rl_rr_ls,0.0,655.0,42,0.10024970000085887,True
W1,er_n200,1,200,rl_rr_k16,0.0,663.0,42,0.34578550000151154,True
W1,er_n200,1,200,rl_rr_ls_k16,0.0,659.0,41,0.34047479999935604,True
W1,er_n200,1,200,old_tds_model_rr,0.0,1736.0,32,0.06911050000053365,True
W1,er_n200,1,200,rl_rr,1.0,700.0,45,0.1045869000008679,True
W1,er_n200,1,200,rl_rr_ls,1.0,669.0,43,0.10838030000013532,True
W1,er_n200,1,200,rl_rr_k16,1.0,667.0,41,0.3514767999986361,True
W1,er_n200,1,200,rl_rr_ls_k16,1.0,663.0,40,0.3541335000008985,True
W1,er_n200,1,200,old_tds_model_rr,1.0,1870.0,33,0.07222689999980503,True
W1,er_n200,2,200,weighted_greedy,,904.0,47,0.00038080000012996607,True
W1,er_n200,2,200,weighted_greedy_rr,,814.0,39,0.0005060000003140885,True
W1,er_n200,2,200,weighted_greedy_rr_ls,,805.0,36,0.0032017000012274366,True
W1,er_n200,2,200,unweighted_greedy_rr,,1393.0,32,0.0005076000015833415,True
W1,er_n200,2,200,rl_rr,0.0,841.0,40,0.09589340000093216,True
W1,er_n200,2,200,rl_rr_ls,0.0,806.0,36,0.09936929999821587,True
W1,er_n200,2,200,rl_rr_k16,0.0,789.0,38,0.3259217999984685,True
W1,er_n200,2,200,rl_rr_ls_k16,0.0,784.0,37,0.3292129000001296,True
W1,er_n200,2,200,old_tds_model_rr,0.0,1388.0,32,0.07003280000208179,True
W1,er_n200,2,200,rl_rr,1.0,872.0,43,0.09852990000217687,True
W1,er_n200,2,200,rl_rr_ls,1.0,814.0,40,0.10158860000228742,True
W1,er_n200,2,200,rl_rr_k16,1.0,818.0,41,0.3398902000008093,True
W1,er_n200,2,200,rl_rr_ls_k16,1.0,784.0,37,0.33725480000066455,True
W1,er_n200,2,200,old_tds_model_rr,1.0,1384.0,31,0.0659386999977869,True
W1,er_n200,3,200,weighted_greedy,,908.0,47,0.0004408999993756879,True
W1,er_n200,3,200,weighted_greedy_rr,,881.0,43,0.0005023000012442935,True
W1,er_n200,3,200,weighted_greedy_rr_ls,,854.0,39,0.002418699998088414,True
W1,er_n200,3,200,unweighted_greedy_rr,,1552.0,34,0.0005201999993005302,True
W1,er_n200,3,200,rl_rr,0.0,880.0,44,0.08796480000091833,True
W1,er_n200,3,200,rl_rr_ls,0.0,854.0,39,0.09155440000176895,True
W1,er_n200,3,200,rl_rr_k16,0.0,862.0,41,0.2998933999988367,True
W1,er_n200,3,200,rl_rr_ls_k16,0.0,854.0,39,0.30406740000034915,True
W1,er_n200,3,200,old_tds_model_rr,0.0,1477.0,32,0.0643426999959047,True
W1,er_n200,3,200,rl_rr,1.0,909.0,44,0.09592170000178157,True
W1,er_n200,3,200,rl_rr_ls,1.0,865.0,40,0.1022458000043116,True
W1,er_n200,3,200,rl_rr_k16,1.0,874.0,41,0.32365580000259797,True
W1,er_n200,3,200,rl_rr_ls_k16,1.0,854.0,39,0.3289844999999332,True
W1,er_n200,3,200,old_tds_model_rr,1.0,1326.0,33,0.06526990000202204,True
W1,er_n200,4,200,weighted_greedy,,971.0,47,0.0004088000023330096,True
W1,er_n200,4,200,weighted_greedy_rr,,905.0,42,0.0004958000026817899,True
W1,er_n200,4,200,weighted_greedy_rr_ls,,905.0,42,0.0019834999984595925,True
W1,er_n200,4,200,unweighted_greedy_rr,,1924.0,37,0.0005160000000614673,True
W1,er_n200,4,200,rl_rr,0.0,905.0,41,0.09825479999562958,True
W1,er_n200,4,200,rl_rr_ls,0.0,905.0,41,0.09973209999589017,True
W1,er_n200,4,200,rl_rr_k16,0.0,896.0,40,0.32891920000110986,True
W1,er_n200,4,200,rl_rr_ls_k16,0.0,879.0,38,0.32717740000225604,True
W1,er_n200,4,200,old_tds_model_rr,0.0,1816.0,33,0.07222079999701236,True
W1,er_n200,4,200,rl_rr,1.0,937.0,42,0.09136030000081519,True
W1,er_n200,4,200,rl_rr_ls,1.0,895.0,39,0.09559169999920414,True
W1,er_n200,4,200,rl_rr_k16,1.0,905.0,41,0.3262998999998672,True
W1,er_n200,4,200,rl_rr_ls_k16,1.0,899.0,40,0.3287077999993926,True
W1,er_n200,4,200,old_tds_model_rr,1.0,1580.0,35,0.07246659999873373,True
W1,er_n200,5,200,weighted_greedy,,1236.0,53,0.00047990000166464597,True
W1,er_n200,5,200,weighted_greedy_rr,,1113.0,44,0.0005339999988791533,True
W1,er_n200,5,200,weighted_greedy_rr_ls,,1064.0,40,0.003971800000726944,True
W1,er_n200,5,200,unweighted_greedy_rr,,2015.0,36,0.0005363000018405728,True
W1,er_n200,5,200,rl_rr,0.0,1075.0,43,0.09756609999749344,True
W1,er_n200,5,200,rl_rr_ls,0.0,1062.0,41,0.10105989999647136,True
W1,er_n200,5,200,rl_rr_k16,0.0,1053.0,42,0.3291801999985182,True
W1,er_n200,5,200,rl_rr_ls_k16,0.0,1053.0,42,0.3363900000003923,True
W1,er_n200,5,200,old_tds_model_rr,0.0,1781.0,34,0.07410299999901326,True
W1,er_n200,5,200,rl_rr,1.0,1124.0,43,0.09810010000001057,True
W1,er_n200,5,200,rl_rr_ls,1.0,1089.0,42,0.1029569000020274,True
W1,er_n200,5,200,rl_rr_k16,1.0,1027.0,40,0.3320179000002099,True
W1,er_n200,5,200,rl_rr_ls_k16,1.0,1017.0,40,0.3382320999990043,True
W1,er_n200,5,200,old_tds_model_rr,1.0,1754.0,34,0.07324209999569575,True
W1,er_n200,6,200,weighted_greedy,,1066.0,49,0.00042949999988195486,True
W1,er_n200,6,200,weighted_greedy_rr,,1016.0,43,0.00050560000090627,True
W1,er_n200,6,200,weighted_greedy_rr_ls,,998.0,40,0.003275200000643963,True
W1,er_n200,6,200,unweighted_greedy_rr,,1596.0,32,0.0005636999994749203,True
W1,er_n200,6,200,rl_rr,0.0,999.0,40,0.09484100000190665,True
W1,er_n200,6,200,rl_rr_ls,0.0,993.0,39,0.097939100000076,True
W1,er_n200,6,200,rl_rr_k16,0.0,996.0,40,0.3196702000022924,True
W1,er_n200,6,200,rl_rr_ls_k16,0.0,993.0,39,0.3238605999977153,True
W1,er_n200,6,200,old_tds_model_rr,0.0,1546.0,34,0.0740475000020524,True
W1,er_n200,6,200,rl_rr,1.0,1106.0,43,0.09907690000181901,True
W1,er_n200,6,200,rl_rr_ls,1.0,1015.0,39,0.10383500000170898,True
W1,er_n200,6,200,rl_rr_k16,1.0,1003.0,39,0.33377460000338033,True
W1,er_n200,6,200,rl_rr_ls_k16,1.0,1003.0,39,0.3358848999996553,True
W1,er_n200,6,200,old_tds_model_rr,1.0,1599.0,32,0.06605230000059237,True
W1,er_n200,7,200,weighted_greedy,,812.0,52,0.0003741000000445638,True
W1,er_n200,7,200,weighted_greedy_rr,,744.0,42,0.0005399000001489185,True
W1,er_n200,7,200,weighted_greedy_rr_ls,,730.0,40,0.004534400002739858,True
W1,er_n200,7,200,unweighted_greedy_rr,,1406.0,34,0.0005118999979458749,True
W1,er_n200,7,200,rl_rr,0.0,748.0,43,0.09610160000011092,True
W1,er_n200,7,200,rl_rr_ls,0.0,714.0,40,0.09934030000295024,True
W1,er_n200,7,200,rl_rr_k16,0.0,715.0,42,0.3395689000026323,True
W1,er_n200,7,200,rl_rr_ls_k16,0.0,708.0,42,0.3376468000024033,True
W1,er_n200,7,200,old_tds_model_rr,0.0,1118.0,34,0.07370930000251974,True
W1,er_n200,7,200,rl_rr,1.0,734.0,44,0.09557719999793335,True
W1,er_n200,7,200,rl_rr_ls,1.0,711.0,42,0.09789439999804017,True
W1,er_n200,7,200,rl_rr_k16,1.0,702.0,42,0.325868799998716,True
W1,er_n200,7,200,rl_rr_ls_k16,1.0,702.0,42,0.3280274999997346,True
W1,er_n200,7,200,old_tds_model_rr,1.0,1471.0,34,0.0736548999993829,True
W1,er_n200,8,200,weighted_greedy,,1024.0,50,0.0004899000014120247,True
W1,er_n200,8,200,weighted_greedy_rr,,916.0,39,0.000505299998621922,True
W1,er_n200,8,200,weighted_greedy_rr_ls,,916.0,39,0.0019716000024345703,True
W1,er_n200,8,200,unweighted_greedy_rr,,1791.0,35,0.000514299998030765,True
W1,er_n200,8,200,rl_rr,0.0,977.0,41,0.09287739999854239,True
W1,er_n200,8,200,rl_rr_ls,0.0,945.0,39,0.09518390000084764,True
W1,er_n200,8,200,rl_rr_k16,0.0,934.0,40,0.3111276000017824,True
W1,er_n200,8,200,rl_rr_ls_k16,0.0,931.0,40,0.3196358999994118,True
W1,er_n200,8,200,old_tds_model_rr,0.0,1621.0,34,0.07028310000168858,True
W1,er_n200,8,200,rl_rr,1.0,985.0,41,0.08910989999640151,True
W1,er_n200,8,200,rl_rr_ls,1.0,945.0,39,0.09332339999673422,True
W1,er_n200,8,200,rl_rr_k16,1.0,937.0,39,0.3046909000004234,True
W1,er_n200,8,200,rl_rr_ls_k16,1.0,937.0,39,0.2975679000010132,True
W1,er_n200,8,200,old_tds_model_rr,1.0,1726.0,34,0.07156799999938812,True
W1,er_n200,9,200,weighted_greedy,,1262.0,49,0.00047569999878760427,True
W1,er_n200,9,200,weighted_greedy_rr,,1193.0,43,0.0005046000005677342,True
W1,er_n200,9,200,weighted_greedy_rr_ls,,1174.0,39,0.003064600001380313,True
W1,er_n200,9,200,unweighted_greedy_rr,,1771.0,35,0.000527299998793751,True
W1,er_n200,9,200,rl_rr,0.0,1150.0,41,0.09265949999826262,True
W1,er_n200,9,200,rl_rr_ls,0.0,1150.0,41,0.09414459999970859,True
W1,er_n200,9,200,rl_rr_k16,0.0,1149.0,40,0.31828679999671294,True
W1,er_n200,9,200,rl_rr_ls_k16,0.0,1149.0,40,0.31785110000055283,True
W1,er_n200,9,200,old_tds_model_rr,0.0,1891.0,35,0.07226100000116276,True
W1,er_n200,9,200,rl_rr,1.0,1217.0,43,0.10457930000120541,True
W1,er_n200,9,200,rl_rr_ls,1.0,1203.0,43,0.10853130000032252,True
W1,er_n200,9,200,rl_rr_k16,1.0,1156.0,40,0.3398419999975886,True
W1,er_n200,9,200,rl_rr_ls_k16,1.0,1156.0,40,0.3426072000002023,True
W1,er_n200,9,200,old_tds_model_rr,1.0,1746.0,34,0.07189130000188015,True
W1,er_n200,10,200,weighted_greedy,,1003.0,50,0.0003673999999591615,True
W1,er_n200,10,200,weighted_greedy_rr,,945.0,44,0.0005001999998057727,True
W1,er_n200,10,200,weighted_greedy_rr_ls,,929.0,42,0.003492699997877935,True
W1,er_n200,10,200,unweighted_greedy_rr,,1624.0,34,0.0005032000008213799,True
W1,er_n200,10,200,rl_rr,0.0,918.0,42,0.09660860000076354,True
W1,er_n200,10,200,rl_rr_ls,0.0,917.0,42,0.09946889999991981,True
W1,er_n200,10,200,rl_rr_k16,0.0,917.0,42,0.3249422000008053,True
W1,er_n200,10,200,rl_rr_ls_k16,0.0,917.0,42,0.32654399999955785,True
W1,er_n200,10,200,old_tds_model_rr,0.0,1723.0,33,0.0704078999988269,True
W1,er_n200,10,200,rl_rr,1.0,951.0,42,0.09036859999832814,True
W1,er_n200,10,200,rl_rr_ls,1.0,931.0,41,0.09221409999736352,True
W1,er_n200,10,200,rl_rr_k16,1.0,936.0,43,0.3239657000012812,True
W1,er_n200,10,200,rl_rr_ls_k16,1.0,929.0,42,0.3271660000027623,True
W1,er_n200,10,200,old_tds_model_rr,1.0,1656.0,33,0.07140739999886137,True
W1,er_n200,11,200,weighted_greedy,,984.0,49,0.0005044999998062849,True
W1,er_n200,11,200,weighted_greedy_rr,,950.0,45,0.0005256000004010275,True
W1,er_n200,11,200,weighted_greedy_rr_ls,,900.0,42,0.007236199999169912,True
W1,er_n200,11,200,unweighted_greedy_rr,,1828.0,36,0.0005654000015056226,True
W1,er_n200,11,200,rl_rr,0.0,901.0,44,0.09623540000393405,True
W1,er_n200,11,200,rl_rr_ls,0.0,880.0,43,0.0980842000026314,True
W1,er_n200,11,200,rl_rr_k16,0.0,880.0,43,0.33317579999857116,True
W1,er_n200,11,200,rl_rr_ls_k16,0.0,880.0,43,0.3371914999988803,True
W1,er_n200,11,200,old_tds_model_rr,0.0,1547.0,34,0.07397639999908279,True
W1,er_n200,11,200,rl_rr,1.0,924.0,44,0.096065700003237,True
W1,er_n200,11,200,rl_rr_ls,1.0,906.0,41,0.09920490000513382,True
W1,er_n200,11,200,rl_rr_k16,1.0,895.0,44,0.3378716000006534,True
W1,er_n200,11,200,rl_rr_ls_k16,1.0,887.0,43,0.3401001999991422,True
W1,er_n200,11,200,old_tds_model_rr,1.0,1690.0,34,0.0726119999999355,True
W1,er_n200,12,200,weighted_greedy,,956.0,52,0.000365099996997742,True
W1,er_n200,12,200,weighted_greedy_rr,,877.0,44,0.0005112999970151577,True
W1,er_n200,12,200,weighted_greedy_rr_ls,,850.0,41,0.002798199999233475,True
W1,er_n200,12,200,unweighted_greedy_rr,,1568.0,35,0.0005152999983693007,True
W1,er_n200,12,200,rl_rr,0.0,851.0,42,0.09423100000276463,True
W1,er_n200,12,200,rl_rr_ls,0.0,851.0,42,0.09576980000565527,True
W1,er_n200,12,200,rl_rr_k16,0.0,828.0,41,0.32316759999957867,True
W1,er_n200,12,200,rl_rr_ls_k16,0.0,828.0,41,0.3228945000009844,True
W1,er_n200,12,200,old_tds_model_rr,0.0,1580.0,33,0.069843099998252,True
W1,er_n200,12,200,rl_rr,1.0,853.0,42,0.09964669999681064,True
W1,er_n200,12,200,rl_rr_ls,1.0,835.0,41,0.10297169999830658,True
W1,er_n200,12,200,rl_rr_k16,1.0,832.0,41,0.3346984000017983,True
W1,er_n200,12,200,rl_rr_ls_k16,1.0,828.0,41,0.3375290000003588,True
W1,er_n200,12,200,old_tds_model_rr,1.0,1540.0,34,0.07579110000369838,True
W1,er_n200,13,200,weighted_greedy,,890.0,47,0.000491300001158379,True
W1,er_n200,13,200,weighted_greedy_rr,,857.0,39,0.0005429999982879963,True
W1,er_n200,13,200,weighted_greedy_rr_ls,,845.0,38,0.0033655000006547198,True
W1,er_n200,13,200,unweighted_greedy_rr,,1748.0,34,0.0005190000010770746,True
W1,er_n200,13,200,rl_rr,0.0,853.0,39,0.08904729999994743,True
W1,er_n200,13,200,rl_rr_ls,0.0,846.0,39,0.09183839999968768,True
W1,er_n200,13,200,rl_rr_k16,0.0,834.0,40,0.3063003999995999,True
W1,er_n200,13,200,rl_rr_ls_k16,0.0,834.0,40,0.32133819999944535,True
W1,er_n200,13,200,old_tds_model_rr,0.0,1824.0,32,0.06517160000294098,True
W1,er_n200,13,200,rl_rr,1.0,884.0,41,0.09031729999696836,True
W1,er_n200,13,200,rl_rr_ls,1.0,848.0,38,0.09545929999512737,True
W1,er_n200,13,200,rl_rr_k16,1.0,815.0,37,0.3049654999995255,True
W1,er_n200,13,200,rl_rr_ls_k16,1.0,813.0,37,0.30723500000021886,True
W1,er_n200,13,200,old_tds_model_rr,1.0,1536.0,31,0.0631305999995675,True
W1,er_n200,14,200,weighted_greedy,,910.0,48,0.00038359999962267466,True
W1,er_n200,14,200,weighted_greedy_rr,,864.0,43,0.0005082999996375293,True
W1,er_n200,14,200,weighted_greedy_rr_ls,,844.0,41,0.0038373999996110797,True
W1,er_n200,14,200,unweighted_greedy_rr,,1395.0,33,0.0005596999981207773,True
W1,er_n200,14,200,rl_rr,0.0,846.0,40,0.09549640000113868,True
W1,er_n200,14,200,rl_rr_ls,0.0,846.0,40,0.0970707999986189,True
W1,er_n200,14,200,rl_rr_k16,0.0,834.0,42,0.32346490000054473,True
W1,er_n200,14,200,rl_rr_ls_k16,0.0,829.0,42,0.3239389000009396,True
W1,er_n200,14,200,old_tds_model_rr,0.0,1449.0,32,0.06834740000340389,True
W1,er_n200,14,200,rl_rr,1.0,844.0,43,0.10159559999738121,True
W1,er_n200,14,200,rl_rr_ls,1.0,829.0,42,0.105908499994257,True
W1,er_n200,14,200,rl_rr_k16,1.0,834.0,42,0.33700300000054995,True
W1,er_n200,14,200,rl_rr_ls_k16,1.0,829.0,42,0.3380776000012702,True
W1,er_n200,14,200,old_tds_model_rr,1.0,1400.0,33,0.0708805999965989,True
W1,er_n50,0,50,weighted_greedy,,301.0,12,0.00013409999883151613,True
W1,er_n50,0,50,weighted_greedy_rr,,230.0,9,0.00020989999757148325,True
W1,er_n50,0,50,weighted_greedy_rr_ls,,230.0,9,0.000524899998708861,True
W1,er_n50,0,50,unweighted_greedy_rr,,430.0,7,0.000148899998748675,True
W1,er_n50,0,50,rl_rr,0.0,237.0,9,0.02534409999861964,True
W1,er_n50,0,50,rl_rr_ls,0.0,237.0,9,0.025778399998671375,True
W1,er_n50,0,50,rl_rr_k16,0.0,230.0,9,0.06365169999844511,True
W1,er_n50,0,50,rl_rr_ls_k16,0.0,230.0,9,0.06460599999991246,True
W1,er_n50,0,50,old_tds_model_rr,0.0,364.0,8,0.017535800001496682,True
W1,er_n50,0,50,rl_rr,1.0,237.0,9,0.022665100001177052,True
W1,er_n50,0,50,rl_rr_ls,1.0,237.0,9,0.02310090000173659,True
W1,er_n50,0,50,rl_rr_k16,1.0,230.0,9,0.06546369999705348,True
W1,er_n50,0,50,rl_rr_ls_k16,1.0,230.0,9,0.06625419999909354,True
W1,er_n50,0,50,old_tds_model_rr,1.0,409.0,8,0.01776629999949364,True
W1,er_n50,1,50,weighted_greedy,,256.0,11,0.000167199999850709,True
W1,er_n50,1,50,weighted_greedy_rr,,243.0,10,0.000170899998920504,True
W1,er_n50,1,50,weighted_greedy_rr_ls,,243.0,10,0.0005538999976124614,True
W1,er_n50,1,50,unweighted_greedy_rr,,308.0,8,0.00016729999697417952,True
W1,er_n50,1,50,rl_rr,0.0,251.0,10,0.0219716999999946,True
W1,er_n50,1,50,rl_rr_ls,0.0,235.0,8,0.022809699999925215,True
W1,er_n50,1,50,rl_rr_k16,0.0,237.0,10,0.05969879999975092,True
W1,er_n50,1,50,rl_rr_ls_k16,0.0,237.0,10,0.060868000000482425,True
W1,er_n50,1,50,old_tds_model_rr,0.0,395.0,8,0.01759899999888148,True
W1,er_n50,1,50,rl_rr,1.0,237.0,10,0.021827500000654254,True
W1,er_n50,1,50,rl_rr_ls,1.0,237.0,10,0.022238300000026356,True
W1,er_n50,1,50,rl_rr_k16,1.0,237.0,10,0.06079749999844353,True
W1,er_n50,1,50,rl_rr_ls_k16,1.0,237.0,10,0.06047939999916707,True
W1,er_n50,1,50,old_tds_model_rr,1.0,357.0,9,0.020169999999779975,True
W1,er_n50,2,50,weighted_greedy,,172.0,11,0.00016260000120382756,True
W1,er_n50,2,50,weighted_greedy_rr,,172.0,11,0.00015919999714242294,True
W1,er_n50,2,50,weighted_greedy_rr_ls,,153.0,10,0.0007858000026317313,True
W1,er_n50,2,50,unweighted_greedy_rr,,322.0,9,0.00016119999781949446,True
W1,er_n50,2,50,rl_rr,0.0,172.0,11,0.025136799999017967,True
W1,er_n50,2,50,rl_rr_ls,0.0,153.0,10,0.025842199996986892,True
W1,er_n50,2,50,rl_rr_k16,0.0,153.0,10,0.06593380000049365,True
W1,er_n50,2,50,rl_rr_ls_k16,0.0,153.0,10,0.06780839999919408,True
W1,er_n50,2,50,old_tds_model_rr,0.0,560.0,9,0.019562099998438498,True
W1,er_n50,2,50,rl_rr,1.0,166.0,11,0.023973600003955653,True
W1,er_n50,2,50,rl_rr_ls,1.0,153.0,10,0.024392300005274592,True
W1,er_n50,2,50,rl_rr_k16,1.0,153.0,10,0.06610080000245944,True
W1,er_n50,2,50,rl_rr_ls_k16,1.0,153.0,10,0.06598370000210707,True
W1,er_n50,2,50,old_tds_model_rr,1.0,441.0,9,0.020184500001050765,True
W1,er_n50,3,50,weighted_greedy,,200.0,12,0.00017559999832883477,True
W1,er_n50,3,50,weighted_greedy_rr,,200.0,12,0.00016709999908925965,True
W1,er_n50,3,50,weighted_greedy_rr_ls,,200.0,12,0.000580900003114948,True
W1,er_n50,3,50,unweighted_greedy_rr,,392.0,9,0.00016999999934341758,True
W1,er_n50,3,50,rl_rr,0.0,200.0,12,0.02589859999716282,True
W1,er_n50,3,50,rl_rr_ls,0.0,200.0,12,0.026354199999332195,True
W1,er_n50,3,50,rl_rr_k16,0.0,200.0,12,0.07194049999816343,True
W1,er_n50,3,50,rl_rr_ls_k16,0.0,200.0,12,0.07308919999923091,True
W1,er_n50,3,50,old_tds_model_rr,0.0,552.0,10,0.022727299998223316,True
W1,er_n50,3,50,rl_rr,1.0,200.0,12,0.027222400000027847,True
W1,er_n50,3,50,rl_rr_ls,1.0,200.0,12,0.027654000001348322,True
W1,er_n50,3,50,rl_rr_k16,1.0,200.0,12,0.07715699999971548,True
W1,er_n50,3,50,rl_rr_ls_k16,1.0,200.0,12,0.07895989999815356,True
W1,er_n50,3,50,old_tds_model_rr,1.0,423.0,9,0.020286100003431784,True
W1,er_n50,4,50,weighted_greedy,,262.0,11,0.00016239999968092889,True
W1,er_n50,4,50,weighted_greedy_rr,,256.0,10,0.00017329999900539406,True
W1,er_n50,4,50,weighted_greedy_rr_ls,,256.0,10,0.0005799999998998828,True
W1,er_n50,4,50,unweighted_greedy_rr,,376.0,7,0.00015159999747993425,True
W1,er_n50,4,50,rl_rr,0.0,256.0,10,0.025402999999641906,True
W1,er_n50,4,50,rl_rr_ls,0.0,256.0,10,0.025860800000373274,True
W1,er_n50,4,50,rl_rr_k16,0.0,247.0,9,0.06361290000131703,True
W1,er_n50,4,50,rl_rr_ls_k16,0.0,247.0,9,0.06483749999824795,True
W1,er_n50,4,50,old_tds_model_rr,0.0,401.0,8,0.01807120000012219,True
W1,er_n50,4,50,rl_rr,1.0,262.0,9,0.02094349999606493,True
W1,er_n50,4,50,rl_rr_ls,1.0,253.0,9,0.02163989999462501,True
W1,er_n50,4,50,rl_rr_k16,1.0,256.0,10,0.06104580000101123,True
W1,er_n50,4,50,rl_rr_ls_k16,1.0,256.0,10,0.06248309999864432,True
W1,er_n50,4,50,old_tds_model_rr,1.0,450.0,7,0.01592280000113533,True
W1,er_n50,5,50,weighted_greedy,,223.0,11,0.00017660000230534934,True
W1,er_n50,5,50,weighted_greedy_rr,,223.0,11,0.00017099999968195334,True
W1,er_n50,5,50,weighted_greedy_rr_ls,,223.0,11,0.0006119999998190906,True
W1,er_n50,5,50,unweighted_greedy_rr,,324.0,7,0.0001520000005257316,True
W1,er_n50,5,50,rl_rr,0.0,223.0,11,0.023654100001294864,True
W1,er_n50,5,50,rl_rr_ls,0.0,223.0,11,0.02410760000202572,True
W1,er_n50,5,50,rl_rr_k16,0.0,223.0,11,0.06321509999906993,True
W1,er_n50,5,50,rl_rr_ls_k16,0.0,223.0,11,0.06467010000051232,True
W1,er_n50,5,50,old_tds_model_rr,0.0,316.0,8,0.01869269999951939,True
W1,er_n50,5,50,rl_rr,1.0,223.0,11,0.02349119999780669,True
W1,er_n50,5,50,rl_rr_ls,1.0,223.0,11,0.023954399999638554,True
W1,er_n50,5,50,rl_rr_k16,1.0,223.0,11,0.06404029999976046,True
W1,er_n50,5,50,rl_rr_ls_k16,1.0,223.0,11,0.06473520000145072,True
W1,er_n50,5,50,old_tds_model_rr,1.0,293.0,7,0.01590069999656407,True
W1,er_n50,6,50,weighted_greedy,,435.0,13,0.0001568000006955117,True
W1,er_n50,6,50,weighted_greedy_rr,,435.0,13,0.00016680000044289045,True
W1,er_n50,6,50,weighted_greedy_rr_ls,,435.0,13,0.0005495000004884787,True
W1,er_n50,6,50,unweighted_greedy_rr,,598.0,9,0.000161599997227313,True
W1,er_n50,6,50,rl_rr,0.0,435.0,13,0.025390700000571087,True
W1,er_n50,6,50,rl_rr_ls,0.0,435.0,13,0.0258231000007072,True
W1,er_n50,6,50,rl_rr_k16,0.0,428.0,10,0.07132690000071307,True
W1,er_n50,6,50,rl_rr_ls_k16,0.0,428.0,10,0.07885950000127195,True
W1,er_n50,6,50,old_tds_model_rr,0.0,504.0,9,0.017062999999325257,True
W1,er_n50,6,50,rl_rr,1.0,435.0,13,0.024864399998477893,True
W1,er_n50,6,50,rl_rr_ls,1.0,435.0,13,0.025269999998272397,True
W1,er_n50,6,50,rl_rr_k16,1.0,435.0,13,0.06914539999706903,True
W1,er_n50,6,50,rl_rr_ls_k16,1.0,435.0,13,0.07311340000160271,True
W1,er_n50,6,50,old_tds_model_rr,1.0,556.0,10,0.021289800002705306,True
W1,er_n50,7,50,weighted_greedy,,302.0,14,0.00014310000187833793,True
W1,er_n50,7,50,weighted_greedy_rr,,285.0,12,0.0001993000005313661,True
W1,er_n50,7,50,weighted_greedy_rr_ls,,285.0,12,0.0005295000009937212,True
W1,er_n50,7,50,unweighted_greedy_rr,,470.0,10,0.00015559999883407727,True
W1,er_n50,7,50,rl_rr,0.0,300.0,11,0.021128599997609854,True
W1,er_n50,7,50,rl_rr_ls,0.0,300.0,11,0.02152199999545701,True
W1,er_n50,7,50,rl_rr_k16,0.0,285.0,12,0.06662530000176048,True
W1,er_n50,7,50,rl_rr_ls_k16,0.0,285.0,12,0.06756250000034925,True
W1,er_n50,7,50,old_tds_model_rr,0.0,420.0,10,0.020007700000860495,True
W1,er_n50,7,50,rl_rr,1.0,322.0,11,0.023566700001538265,True
W1,er_n50,7,50,rl_rr_ls,1.0,322.0,11,0.023959000001923414,True
W1,er_n50,7,50,rl_rr_k16,1.0,285.0,12,0.0685832000017399,True
W1,er_n50,7,50,rl_rr_ls_k16,1.0,285.0,12,0.07415250000121887,True
W1,er_n50,7,50,old_tds_model_rr,1.0,475.0,10,0.026107300000148825,True
W1,er_n50,8,50,weighted_greedy,,328.0,16,0.00013949999993201345,True
W1,er_n50,8,50,weighted_greedy_rr,,256.0,11,0.00017500000103609636,True
W1,er_n50,8,50,weighted_greedy_rr_ls,,256.0,11,0.0005254999996395782,True
W1,er_n50,8,50,unweighted_greedy_rr,,524.0,9,0.00014770000052521937,True
W1,er_n50,8,50,rl_rr,0.0,271.0,11,0.03618179999830318,True
W1,er_n50,8,50,rl_rr_ls,0.0,271.0,11,0.03655100000105449,True
W1,er_n50,8,50,rl_rr_k16,0.0,256.0,11,0.09048310000071069,True
W1,er_n50,8,50,rl_rr_ls_k16,0.0,256.0,11,0.08007280000310857,True
W1,er_n50,8,50,old_tds_model_rr,0.0,477.0,8,0.01762780000353814,True
W1,er_n50,8,50,rl_rr,1.0,256.0,11,0.03532959999938612,True
W1,er_n50,8,50,rl_rr_ls,1.0,256.0,11,0.03581799999665236,True
W1,er_n50,8,50,rl_rr_k16,1.0,256.0,11,0.09328289999757544,True
W1,er_n50,8,50,rl_rr_ls_k16,1.0,256.0,11,0.0941261999978451,True
W1,er_n50,8,50,old_tds_model_rr,1.0,390.0,8,0.01854269999967073,True
W1,er_n50,9,50,weighted_greedy,,240.0,10,0.00013860000035492703,True
W1,er_n50,9,50,weighted_greedy_rr,,240.0,10,0.0001816000003600493,True
W1,er_n50,9,50,weighted_greedy_rr_ls,,231.0,9,0.0005923999997321516,True
W1,er_n50,9,50,unweighted_greedy_rr,,414.0,8,0.00015999999959603883,True
W1,er_n50,9,50,rl_rr,0.0,217.0,9,0.02151659999799449,True
W1,er_n50,9,50,rl_rr_ls,0.0,217.0,9,0.021915599994827062,True
W1,er_n50,9,50,rl_rr_k16,0.0,217.0,9,0.0629808999983652,True
W1,er_n50,9,50,rl_rr_ls_k16,0.0,217.0,9,0.06343250000281841,True
W1,er_n50,9,50,old_tds_model_rr,0.0,404.0,8,0.019168299997545546,True
W1,er_n50,9,50,rl_rr,1.0,229.0,10,0.02105679999658605,True
W1,er_n50,9,50,rl_rr_ls,1.0,217.0,9,0.021573799996986054,True
W1,er_n50,9,50,rl_rr_k16,1.0,226.0,10,0.0587394000031054,True
W1,er_n50,9,50,rl_rr_ls_k16,1.0,215.0,9,0.060432800000853604,True
W1,er_n50,9,50,old_tds_model_rr,1.0,314.0,8,0.018686600000364706,True
W1,er_n50,10,50,weighted_greedy,,185.0,12,0.0001736999984132126,True
W1,er_n50,10,50,weighted_greedy_rr,,182.0,10,0.0001781999999366235,True
W1,er_n50,10,50,weighted_greedy_rr_ls,,182.0,10,0.0006146000014268793,True
W1,er_n50,10,50,unweighted_greedy_rr,,417.0,8,0.00017279999883612618,True
W1,er_n50,10,50,rl_rr,0.0,179.0,10,0.024194300000090152,True
W1,er_n50,10,50,rl_rr_ls,0.0,179.0,10,0.02463230000284966,True
W1,er_n50,10,50,rl_rr_k16,0.0,179.0,10,0.06755269999848679,True
W1,er_n50,10,50,rl_rr_ls_k16,0.0,179.0,10,0.0669701000006171,True
W1,er_n50,10,50,old_tds_model_rr,0.0,313.0,8,0.018503600000258302,True
W1,er_n50,10,50,rl_rr,1.0,182.0,10,0.025036900005943608,True
W1,er_n50,10,50,rl_rr_ls,1.0,182.0,10,0.025460600005317247,True
W1,er_n50,10,50,rl_rr_k16,1.0,179.0,10,0.07069889999911538,True
W1,er_n50,10,50,rl_rr_ls_k16,1.0,179.0,10,0.07135709999784012,True
W1,er_n50,10,50,old_tds_model_rr,1.0,462.0,8,0.017210499998327577,True
W1,er_n50,11,50,weighted_greedy,,224.0,12,0.00017300000035902485,True
W1,er_n50,11,50,weighted_greedy_rr,,212.0,10,0.00017250000018975697,True
W1,er_n50,11,50,weighted_greedy_rr_ls,,201.0,9,0.0006716999996569939,True
W1,er_n50,11,50,unweighted_greedy_rr,,415.0,8,0.00016419999883510172,True
W1,er_n50,11,50,rl_rr,0.0,236.0,12,0.030505400001857197,True
W1,er_n50,11,50,rl_rr_ls,0.0,229.0,11,0.030904999999620486,True
W1,er_n50,11,50,rl_rr_k16,0.0,212.0,10,0.07589010000083363,True
W1,er_n50,11,50,rl_rr_ls_k16,0.0,201.0,9,0.0771679999998014,True
W1,er_n50,11,50,old_tds_model_rr,0.0,360.0,8,0.018977499999891734,True
W1,er_n50,11,50,rl_rr,1.0,241.0,12,0.029739199995674426,True
W1,er_n50,11,50,rl_rr_ls,1.0,201.0,9,0.030401799995161127,True
W1,er_n50,11,50,rl_rr_k16,1.0,207.0,10,0.08105770000111079,True
W1,er_n50,11,50,rl_rr_ls_k16,1.0,207.0,10,0.0813903999987815,True
W1,er_n50,11,50,old_tds_model_rr,1.0,319.0,9,0.019355299999006093,True
W1,er_n50,12,50,weighted_greedy,,183.0,14,0.0001300999974773731,True
W1,er_n50,12,50,weighted_greedy_rr,,136.0,11,0.00016700000196578912,True
W1,er_n50,12,50,weighted_greedy_rr_ls,,136.0,11,0.0005314999980328139,True
W1,er_n50,12,50,unweighted_greedy_rr,,265.0,9,0.00015740000162622891,True
W1,er_n50,12,50,rl_rr,0.0,136.0,11,0.027503799996338785,True
W1,er_n50,12,50,rl_rr_ls,0.0,136.0,11,0.027920399996219203,True
W1,er_n50,12,50,rl_rr_k16,0.0,136.0,11,0.07662949999939883,True
W1,er_n50,12,50,rl_rr_ls_k16,0.0,136.0,11,0.07796539999981178,True
W1,er_n50,12,50,old_tds_model_rr,0.0,449.0,10,0.021639299997332273,True
W1,er_n50,12,50,rl_rr,1.0,166.0,13,0.030560199997125892,True
W1,er_n50,12,50,rl_rr_ls,1.0,136.0,11,0.03106909999769414,True
W1,er_n50,12,50,rl_rr_k16,1.0,149.0,12,0.08302159999948344,True
W1,er_n50,12,50,rl_rr_ls_k16,1.0,136.0,11,0.08236109999779728,True
W1,er_n50,12,50,old_tds_model_rr,1.0,281.0,9,0.019398100004764274,True
W1,er_n50,13,50,weighted_greedy,,210.0,12,0.0002179000002797693,True
W1,er_n50,13,50,weighted_greedy_rr,,206.0,11,0.00017920000027515925,True
W1,er_n50,13,50,weighted_greedy_rr_ls,,183.0,9,0.0008321999994223006,True
W1,er_n50,13,50,unweighted_greedy_rr,,327.0,9,0.00018170000112149864,True
W1,er_n50,13,50,rl_rr,0.0,206.0,11,0.024294800001371186,True
W1,er_n50,13,50,rl_rr_ls,0.0,183.0,9,0.025007100000948412,True
W1,er_n50,13,50,rl_rr_k16,0.0,195.0,11,0.07147229999827687,True
W1,er_n50,13,50,rl_rr_ls_k16,0.0,190.0,11,0.07169849999991129,True
W1,er_n50,13,50,old_tds_model_rr,0.0,332.0,9,0.02089189999969676,True
W1,er_n50,13,50,rl_rr,1.0,206.0,11,0.025731500001711538,True
W1,er_n50,13,50,rl_rr_ls,1.0,183.0,9,0.026341500000853557,True
W1,er_n50,13,50,rl_rr_k16,1.0,183.0,9,0.0716400999990583,True
W1,er_n50,13,50,rl_rr_ls_k16,1.0,183.0,9,0.07201740000164136,True
W1,er_n50,13,50,old_tds_model_rr,1.0,334.0,8,0.018055000000458676,True
W1,er_n50,14,50,weighted_greedy,,183.0,11,0.00012870000136899762,True
W1,er_n50,14,50,weighted_greedy_rr,,183.0,11,0.0001520000005257316,True
W1,er_n50,14,50,weighted_greedy_rr_ls,,172.0,9,0.0008060000000114087,True
W1,er_n50,14,50,unweighted_greedy_rr,,350.0,9,0.0001559999982418958,True
W1,er_n50,14,50,rl_rr,0.0,183.0,11,0.023945000000821892,True
W1,er_n50,14,50,rl_rr_ls,0.0,172.0,9,0.024604999998700805,True
W1,er_n50,14,50,rl_rr_k16,0.0,173.0,10,0.06524580000041169,True
W1,er_n50,14,50,rl_rr_ls_k16,0.0,172.0,9,0.06677579999814043,True
W1,er_n50,14,50,old_tds_model_rr,0.0,404.0,9,0.02030919999742764,True
W1,er_n50,14,50,rl_rr,1.0,181.0,11,0.023677699999097968,True
W1,er_n50,14,50,rl_rr_ls,1.0,181.0,11,0.024109599999064812,True
W1,er_n50,14,50,rl_rr_k16,1.0,173.0,10,0.06582999999955064,True
W1,er_n50,14,50,rl_rr_ls_k16,1.0,172.0,9,0.0659077000018442,True
W1,er_n50,14,50,old_tds_model_rr,1.0,243.0,8,0.0183617000002414,True
W2,ba_degree_correlated,0,100,weighted_greedy,,267.0,23,0.0003036999987671152,True
W2,ba_degree_correlated,0,100,weighted_greedy_rr,,263.0,22,0.00032860000283108093,True
W2,ba_degree_correlated,0,100,rl_rr,0.0,246.0,17,0.0355243000012706,True
W2,ba_degree_correlated,0,100,rl_rr_k16,0.0,246.0,17,0.12302069999714149,True
W2,ba_degree_correlated,0,100,old_tds_model_rr,0.0,254.0,11,0.023312300003453856,True
W2,ba_degree_correlated,0,100,rl_rr,1.0,254.0,17,0.0395901000010781,True
W2,ba_degree_correlated,0,100,rl_rr_k16,1.0,240.0,18,0.14114659999904688,True
W2,ba_degree_correlated,0,100,old_tds_model_rr,1.0,283.0,12,0.03588649999801419,True
W2,ba_degree_correlated,1,100,weighted_greedy,,261.0,23,0.00030920000062906183,True
W2,ba_degree_correlated,1,100,weighted_greedy_rr,,253.0,21,0.0003293999980087392,True
W2,ba_degree_correlated,1,100,rl_rr,0.0,201.0,12,0.039038800005073426,True
W2,ba_degree_correlated,1,100,rl_rr_k16,0.0,201.0,12,0.11364180000236956,True
W2,ba_degree_correlated,1,100,old_tds_model_rr,0.0,254.0,12,0.03172529999574181,True
W2,ba_degree_correlated,1,100,rl_rr,1.0,206.0,12,0.028773599999112776,True
W2,ba_degree_correlated,1,100,rl_rr_k16,1.0,201.0,12,0.0948339999995369,True
W2,ba_degree_correlated,1,100,old_tds_model_rr,1.0,228.0,11,0.023905899997771485,True
W2,ba_degree_correlated,2,100,weighted_greedy,,257.0,26,0.0002406999992672354,True
W2,ba_degree_correlated,2,100,weighted_greedy_rr,,249.0,24,0.00031350000062957406,True
W2,ba_degree_correlated,2,100,rl_rr,0.0,225.0,15,0.03372520000266377,True
W2,ba_degree_correlated,2,100,rl_rr_k16,0.0,214.0,14,0.11374130000331206,True
W2,ba_degree_correlated,2,100,old_tds_model_rr,0.0,240.0,12,0.026953300002787728,True
W2,ba_degree_correlated,2,100,rl_rr,1.0,220.0,15,0.03491290000238223,True
W2,ba_degree_correlated,2,100,rl_rr_k16,1.0,209.0,17,0.1171892000020307,True
W2,ba_degree_correlated,2,100,old_tds_model_rr,1.0,231.0,12,0.02883700000529643,True
W2,ba_degree_correlated,3,100,weighted_greedy,,237.0,20,0.00025099999766098335,True
W2,ba_degree_correlated,3,100,weighted_greedy_rr,,233.0,19,0.0003098999986832496,True
W2,ba_degree_correlated,3,100,rl_rr,0.0,254.0,21,0.044902099998580525,True
W2,ba_degree_correlated,3,100,rl_rr_k16,0.0,244.0,20,0.14458799999920302,True
W2,ba_degree_correlated,3,100,old_tds_model_rr,0.0,264.0,14,0.02956379999886849,True
W2,ba_degree_correlated,3,100,rl_rr,1.0,242.0,16,0.03929640000205836,True
W2,ba_degree_correlated,3,100,rl_rr_k16,1.0,231.0,19,0.1336632999991707,True
W2,ba_degree_correlated,3,100,old_tds_model_rr,1.0,269.0,15,0.031833900004130555,True
W2,ba_degree_correlated,4,100,weighted_greedy,,248.0,24,0.00023189999774331227,True
W2,ba_degree_correlated,4,100,weighted_greedy_rr,,248.0,24,0.0002918999998655636,True
W2,ba_degree_correlated,4,100,rl_rr,0.0,253.0,19,0.03874329999962356,True
W2,ba_degree_correlated,4,100,rl_rr_k16,0.0,222.0,14,0.14523760000156472,True
W2,ba_degree_correlated,4,100,old_tds_model_rr,0.0,267.0,12,0.026790199997776654,True
W2,ba_degree_correlated,4,100,rl_rr,1.0,231.0,22,0.04810599999836995,True
W2,ba_degree_correlated,4,100,rl_rr_k16,1.0,231.0,22,0.15765800000008312,True
W2,ba_degree_correlated,4,100,old_tds_model_rr,1.0,263.0,12,0.026687700003094506,True
W2,ba_degree_correlated,5,100,weighted_greedy,,273.0,27,0.0002783999989333097,True
W2,ba_degree_correlated,5,100,weighted_greedy_rr,,261.0,25,0.00032749999809311703,True
W2,ba_degree_correlated,5,100,rl_rr,0.0,212.0,14,0.030721000002813525,True
W2,ba_degree_correlated,5,100,rl_rr_k16,0.0,212.0,14,0.11930629999915254,True
W2,ba_degree_correlated,5,100,old_tds_model_rr,0.0,243.0,9,0.019073700001172256,True
W2,ba_degree_correlated,5,100,rl_rr,1.0,209.0,11,0.026032800000393763,True
W2,ba_degree_correlated,5,100,rl_rr_k16,1.0,208.0,12,0.10151360000236309,True
W2,ba_degree_correlated,5,100,old_tds_model_rr,1.0,249.0,10,0.02135910000288277,True
W2,ba_degree_correlated,6,100,weighted_greedy,,265.0,24,0.000278499999694759,True
W2,ba_degree_correlated,6,100,weighted_greedy_rr,,259.0,23,0.00030530000003636815,True
W2,ba_degree_correlated,6,100,rl_rr,0.0,225.0,16,0.03608070000336738,True
W2,ba_degree_correlated,6,100,rl_rr_k16,0.0,218.0,16,0.1152920999993512,True
W2,ba_degree_correlated,6,100,old_tds_model_rr,0.0,269.0,13,0.02838089999568183,True
W2,ba_degree_correlated,6,100,rl_rr,1.0,231.0,18,0.03775120000136667,True
W2,ba_degree_correlated,6,100,rl_rr_k16,1.0,219.0,15,0.13586859999850276,True
W2,ba_degree_correlated,6,100,old_tds_model_rr,1.0,268.0,14,0.031417999998666346,True
W2,ba_degree_correlated,7,100,weighted_greedy,,243.0,18,0.00024190000112866983,True
W2,ba_degree_correlated,7,100,weighted_greedy_rr,,237.0,17,0.0002781000002869405,True
W2,ba_degree_correlated,7,100,rl_rr,0.0,211.0,15,0.031333799997810274,True
W2,ba_degree_correlated,7,100,rl_rr_k16,0.0,211.0,15,0.1026942999997118,True
W2,ba_degree_correlated,7,100,old_tds_model_rr,0.0,278.0,12,0.02594209999733721,True
W2,ba_degree_correlated,7,100,rl_rr,1.0,211.0,15,0.032344499999453546,True
W2,ba_degree_correlated,7,100,rl_rr_k16,1.0,211.0,15,0.09931530000176281,True
W2,ba_degree_correlated,7,100,old_tds_model_rr,1.0,248.0,12,0.02618380000058096,True
W2,ba_degree_correlated,8,100,weighted_greedy,,273.0,23,0.0002587000017229002,True
W2,ba_degree_correlated,8,100,weighted_greedy_rr,,247.0,19,0.0003063000003749039,True
W2,ba_degree_correlated,8,100,rl_rr,0.0,241.0,17,0.03505740000036894,True
W2,ba_degree_correlated,8,100,rl_rr_k16,0.0,237.0,18,0.1301080000012007,True
W2,ba_degree_correlated,8,100,old_tds_model_rr,0.0,284.0,13,0.02757030000066152,True
W2,ba_degree_correlated,8,100,rl_rr,1.0,237.0,18,0.0382248999994772,True
W2,ba_degree_correlated,8,100,rl_rr_k16,1.0,237.0,17,0.1319617000008293,True
W2,ba_degree_correlated,8,100,old_tds_model_rr,1.0,285.0,12,0.028831900002842303,True
W2,ba_degree_correlated,9,100,weighted_greedy,,279.0,26,0.00024289999782922678,True
W2,ba_degree_correlated,9,100,weighted_greedy_rr,,268.0,24,0.0003187000002071727,True
W2,ba_degree_correlated,9,100,rl_rr,0.0,223.0,16,0.03357440000036149,True
W2,ba_degree_correlated,9,100,rl_rr_k16,0.0,222.0,16,0.12570960000084597,True
W2,ba_degree_correlated,9,100,old_tds_model_rr,0.0,307.0,15,0.03625289999763481,True
W2,ba_degree_correlated,9,100,rl_rr,1.0,262.0,21,0.0469522000021243,True
W2,ba_degree_correlated,9,100,rl_rr_k16,1.0,226.0,16,0.1495708000002196,True
W2,ba_degree_correlated,9,100,old_tds_model_rr,1.0,281.0,12,0.029291199996805517,True
W2,ba_uniform_int,0,100,weighted_greedy,,487.0,25,0.0002103000006172806,True
W2,ba_uniform_int,0,100,weighted_greedy_rr,,454.0,20,0.0002733000001171604,True
W2,ba_uniform_int,0,100,rl_rr,0.0,450.0,19,0.04211349999968661,True
W2,ba_uniform_int,0,100,rl_rr_k16,0.0,443.0,20,0.14629530000092927,True
W2,ba_uniform_int,0,100,old_tds_model_rr,0.0,755.0,12,0.02899069999693893,True
W2,ba_uniform_int,0,100,rl_rr,1.0,444.0,20,0.045988599998963764,True
W2,ba_uniform_int,0,100,rl_rr_k16,1.0,443.0,20,0.14482889999999315,True
W2,ba_uniform_int,0,100,old_tds_model_rr,1.0,693.0,13,0.030273299998953007,True
W2,ba_uniform_int,1,100,weighted_greedy,,487.0,24,0.0002091999995172955,True
W2,ba_uniform_int,1,100,weighted_greedy_rr,,445.0,18,0.0002776000001176726,True
W2,ba_uniform_int,1,100,rl_rr,0.0,445.0,18,0.038009100000635954,True
W2,ba_uniform_int,1,100,rl_rr_k16,0.0,442.0,17,0.12193719999777386,True
W2,ba_uniform_int,1,100,old_tds_model_rr,0.0,676.0,12,0.026231599997117883,True
W2,ba_uniform_int,1,100,rl_rr,1.0,445.0,18,0.04582239999945159,True
W2,ba_uniform_int,1,100,rl_rr_k16,1.0,442.0,17,0.1351369000003615,True
W2,ba_uniform_int,1,100,old_tds_model_rr,1.0,606.0,12,0.026919799998722738,True
W2,ba_uniform_int,2,100,weighted_greedy,,613.0,20,0.00021869999909540638,True
W2,ba_uniform_int,2,100,weighted_greedy_rr,,528.0,14,0.00028169999859528616,True
W2,ba_uniform_int,2,100,rl_rr,0.0,507.0,13,0.033566800000699004,True
W2,ba_uniform_int,2,100,rl_rr_k16,0.0,507.0,13,0.11354489999939688,True
W2,ba_uniform_int,2,100,old_tds_model_rr,0.0,660.0,12,0.02554289999898174,True
W2,ba_uniform_int,2,100,rl_rr,1.0,591.0,17,0.04432030000316445,True
W2,ba_uniform_int,2,100,rl_rr_k16,1.0,507.0,13,0.13166450000062468,True
W2,ba_uniform_int,2,100,old_tds_model_rr,1.0,565.0,12,0.027230799998505972,True
W2,ba_uniform_int,3,100,weighted_greedy,,503.0,18,0.0002029999996011611,True
W2,ba_uniform_int,3,100,weighted_greedy_rr,,440.0,14,0.00025209999876096845,True
W2,ba_uniform_int,3,100,rl_rr,0.0,494.0,17,0.03736690000005183,True
W2,ba_uniform_int,3,100,rl_rr_k16,0.0,494.0,17,0.12472730000081356,True
W2,ba_uniform_int,3,100,old_tds_model_rr,0.0,591.0,12,0.026385999997728504,True
W2,ba_uniform_int,3,100,rl_rr,1.0,505.0,16,0.03791869999986375,True
W2,ba_uniform_int,3,100,rl_rr_k16,1.0,450.0,14,0.11815950000163866,True
W2,ba_uniform_int,3,100,old_tds_model_rr,1.0,658.0,12,0.025119899997662287,True
W2,ba_uniform_int,4,100,weighted_greedy,,438.0,17,0.00021429999833344482,True
W2,ba_uniform_int,4,100,weighted_greedy_rr,,413.0,15,0.00025599999935366213,True
W2,ba_uniform_int,4,100,rl_rr,0.0,392.0,15,0.03530970000065281,True
W2,ba_uniform_int,4,100,rl_rr_k16,0.0,382.0,15,0.10189189999800874,True
W2,ba_uniform_int,4,100,old_tds_model_rr,0.0,780.0,14,0.029603599999973085,True
W2,ba_uniform_int,4,100,rl_rr,1.0,394.0,15,0.03230410000105621,True
W2,ba_uniform_int,4,100,rl_rr_k16,1.0,392.0,15,0.09967419999884441,True
W2,ba_uniform_int,4,100,old_tds_model_rr,1.0,708.0,14,0.029238999999506632,True
W2,ba_uniform_int,5,100,weighted_greedy,,701.0,19,0.00026539999817032367,True
W2,ba_uniform_int,5,100,weighted_greedy_rr,,684.0,17,0.00025580000146874227,True
W2,ba_uniform_int,5,100,rl_rr,0.0,688.0,17,0.036709200001496356,True
W2,ba_uniform_int,5,100,rl_rr_k16,0.0,648.0,16,0.11946510000052513,True
W2,ba_uniform_int,5,100,old_tds_model_rr,0.0,844.0,13,0.026232899999740766,True
W2,ba_uniform_int,5,100,rl_rr,1.0,689.0,17,0.03411259999847971,True
W2,ba_uniform_int,5,100,rl_rr_k16,1.0,648.0,16,0.10985950000031153,True
W2,ba_uniform_int,5,100,old_tds_model_rr,1.0,1009.0,14,0.02788459999646875,True
W2,ba_uniform_int,6,100,weighted_greedy,,600.0,19,0.00026929999876301736,True
W2,ba_uniform_int,6,100,weighted_greedy_rr,,545.0,16,0.0002727999999478925,True
W2,ba_uniform_int,6,100,rl_rr,0.0,548.0,16,0.03451229999700445,True
W2,ba_uniform_int,6,100,rl_rr_k16,0.0,545.0,15,0.11313660000087111,True
W2,ba_uniform_int,6,100,old_tds_model_rr,0.0,822.0,13,0.02809500000148546,True
W2,ba_uniform_int,6,100,rl_rr,1.0,557.0,18,0.03868969999894034,True
W2,ba_uniform_int,6,100,rl_rr_k16,1.0,554.0,17,0.12517700000171317,True
W2,ba_uniform_int,6,100,old_tds_model_rr,1.0,846.0,14,0.030028900000615977,True
W2,ba_uniform_int,7,100,weighted_greedy,,451.0,19,0.0002716000017244369,True
W2,ba_uniform_int,7,100,weighted_greedy_rr,,440.0,15,0.0002696999981708359,True
W2,ba_uniform_int,7,100,rl_rr,0.0,458.0,15,0.03382659999988391,True
W2,ba_uniform_int,7,100,rl_rr_k16,0.0,447.0,14,0.10488359999726526,True
W2,ba_uniform_int,7,100,old_tds_model_rr,0.0,662.0,13,0.028316799998719944,True
W2,ba_uniform_int,7,100,rl_rr,1.0,532.0,20,0.04088970000157133,True
W2,ba_uniform_int,7,100,rl_rr_k16,1.0,440.0,15,0.13160710000011022,True
W2,ba_uniform_int,7,100,old_tds_model_rr,1.0,615.0,13,0.0286180000002787,True
W2,ba_uniform_int,8,100,weighted_greedy,,363.0,21,0.00020700000095530413,True
W2,ba_uniform_int,8,100,weighted_greedy_rr,,352.0,18,0.00025380000079167075,True
W2,ba_uniform_int,8,100,rl_rr,0.0,344.0,17,0.03557070000169915,True
W2,ba_uniform_int,8,100,rl_rr_k16,0.0,330.0,16,0.11745909999808646,True
W2,ba_uniform_int,8,100,old_tds_model_rr,0.0,731.0,14,0.03000619999875198,True
W2,ba_uniform_int,8,100,rl_rr,1.0,325.0,16,0.04076269999859505,True
W2,ba_uniform_int,8,100,rl_rr_k16,1.0,325.0,16,0.12919719999990775,True
W2,ba_uniform_int,8,100,old_tds_model_rr,1.0,562.0,13,0.02733720000105677,True
W2,ba_uniform_int,9,100,weighted_greedy,,474.0,23,0.00027860000045620836,True
W2,ba_uniform_int,9,100,weighted_greedy_rr,,431.0,19,0.0002888000017264858,True
W2,ba_uniform_int,9,100,rl_rr,0.0,431.0,19,0.041640799998276634,True
W2,ba_uniform_int,9,100,rl_rr_k16,0.0,419.0,16,0.12165470000036294,True
W2,ba_uniform_int,9,100,old_tds_model_rr,0.0,581.0,12,0.026180400000157533,True
W2,ba_uniform_int,9,100,rl_rr,1.0,426.0,16,0.03579949999766541,True
W2,ba_uniform_int,9,100,rl_rr_k16,1.0,404.0,14,0.11343269999997574,True
W2,ba_uniform_int,9,100,old_tds_model_rr,1.0,587.0,13,0.027774300004239194,True
W2,ba_uniform_small,0,100,weighted_greedy,,59.0,17,0.00026640000214683823,True
W2,ba_uniform_small,0,100,weighted_greedy_rr,,57.0,15,0.0002573000019765459,True
W2,ba_uniform_small,0,100,rl_rr,0.0,52.0,14,0.032927600001130486,True
W2,ba_uniform_small,0,100,rl_rr_k16,0.0,52.0,14,0.10462299999926472,True
W2,ba_uniform_small,0,100,old_tds_model_rr,0.0,66.0,13,0.027037499996367842,True
W2,ba_uniform_small,0,100,rl_rr,1.0,52.0,14,0.03230260000418639,True
W2,ba_uniform_small,0,100,rl_rr_k16,1.0,52.0,14,0.10628040000301553,True
W2,ba_uniform_small,0,100,old_tds_model_rr,1.0,74.0,14,0.02867070000138483,True
W2,ba_uniform_small,1,100,weighted_greedy,,74.0,20,0.0002494000000297092,True
W2,ba_uniform_small,1,100,weighted_greedy_rr,,69.0,17,0.00027209999825572595,True
W2,ba_uniform_small,1,100,rl_rr,0.0,64.0,16,0.03529290000005858,True
W2,ba_uniform_small,1,100,rl_rr_k16,0.0,62.0,16,0.11900489999970887,True
W2,ba_uniform_small,1,100,old_tds_model_rr,0.0,78.0,13,0.027738000000681495,True
W2,ba_uniform_small,1,100,rl_rr,1.0,70.0,15,0.033037099998182384,True
W2,ba_uniform_small,1,100,rl_rr_k16,1.0,61.0,15,0.1132526000001235,True
W2,ba_uniform_small,1,100,old_tds_model_rr,1.0,81.0,13,0.02729699999690638,True
W2,ba_uniform_small,2,100,weighted_greedy,,64.0,18,0.00027599999884841964,True
W2,ba_uniform_small,2,100,weighted_greedy_rr,,58.0,14,0.00026479999723960645,True
W2,ba_uniform_small,2,100,rl_rr,0.0,55.0,13,0.029584699997940334,True
W2,ba_uniform_small,2,100,rl_rr_k16,0.0,55.0,13,0.09915209999962826,True
W2,ba_uniform_small,2,100,old_tds_model_rr,0.0,85.0,12,0.029114000000845408,True
W2,ba_uniform_small,2,100,rl_rr,1.0,59.0,13,0.032027600002038525,True
W2,ba_uniform_small,2,100,rl_rr_k16,1.0,56.0,12,0.10003730000244104,True
W2,ba_uniform_small,2,100,old_tds_model_rr,1.0,61.0,12,0.027002999999240274,True
W2,ba_uniform_small,3,100,weighted_greedy,,52.0,18,0.00020589999985531904,True
W2,ba_uniform_small,3,100,weighted_greedy_rr,,48.0,15,0.00026280000020051375,True
W2,ba_uniform_small,3,100,rl_rr,0.0,48.0,15,0.03274089999831631,True
W2,ba_uniform_small,3,100,rl_rr_k16,0.0,44.0,14,0.11202359999879263,True
W2,ba_uniform_small,3,100,old_tds_model_rr,0.0,80.0,13,0.02875069999936386,True
W2,ba_uniform_small,3,100,rl_rr,1.0,49.0,15,0.04235529999641585,True
W2,ba_uniform_small,3,100,rl_rr_k16,1.0,48.0,15,0.10601759999917704,True
W2,ba_uniform_small,3,100,old_tds_model_rr,1.0,71.0,13,0.028090799998608418,True
W2,ba_uniform_small,4,100,weighted_greedy,,53.0,17,0.00019420000171521679,True
W2,ba_uniform_small,4,100,weighted_greedy_rr,,53.0,17,0.0002443999983370304,True
W2,ba_uniform_small,4,100,rl_rr,0.0,52.0,16,0.03188389999922947,True
W2,ba_uniform_small,4,100,rl_rr_k16,0.0,48.0,13,0.10174670000196784,True
W2,ba_uniform_small,4,100,old_tds_model_rr,0.0,68.0,12,0.02534600000217324,True
W2,ba_uniform_small,4,100,rl_rr,1.0,54.0,14,0.026191699995251838,True
W2,ba_uniform_small,4,100,rl_rr_k16,1.0,51.0,16,0.09358789999896544,True
W2,ba_uniform_small,4,100,old_tds_model_rr,1.0,67.0,12,0.02337190000253031,True
W2,ba_uniform_small,5,100,weighted_greedy,,44.0,18,0.00021280000146362,True
W2,ba_uniform_small,5,100,weighted_greedy_rr,,39.0,14,0.0002628999973239843,True
W2,ba_uniform_small,5,100,rl_rr,0.0,42.0,17,0.03609789999973145,True
W2,ba_uniform_small,5,100,rl_rr_k16,0.0,39.0,14,0.10592670000187354,True
W2,ba_uniform_small,5,100,old_tds_model_rr,0.0,71.0,12,0.026140900001337286,True
W2,ba_uniform_small,5,100,rl_rr,1.0,39.0,14,0.031026399999973364,True
W2,ba_uniform_small,5,100,rl_rr_k16,1.0,39.0,14,0.09997149999981048,True
W2,ba_uniform_small,5,100,old_tds_model_rr,1.0,69.0,13,0.027400099996157223,True
W2,ba_uniform_small,6,100,weighted_greedy,,65.0,23,0.00027829999817186035,True
W2,ba_uniform_small,6,100,weighted_greedy_rr,,58.0,18,0.000289100000372855,True
W2,ba_uniform_small,6,100,rl_rr,0.0,60.0,19,0.042526299999735784,True
W2,ba_uniform_small,6,100,rl_rr_k16,0.0,57.0,18,0.12805800000205636,True
W2,ba_uniform_small,6,100,old_tds_model_rr,0.0,80.0,13,0.03014190000249073,True
W2,ba_uniform_small,6,100,rl_rr,1.0,56.0,15,0.036724499997944804,True
W2,ba_uniform_small,6,100,rl_rr_k16,1.0,56.0,15,0.12310300000171992,True
W2,ba_uniform_small,6,100,old_tds_model_rr,1.0,72.0,13,0.02814119999675313,True
W2,ba_uniform_small,7,100,weighted_greedy,,48.0,16,0.00026050000087707303,True
W2,ba_uniform_small,7,100,weighted_greedy_rr,,47.0,15,0.0002539000015531201,True
W2,ba_uniform_small,7,100,rl_rr,0.0,47.0,15,0.03124240000033751,True
W2,ba_uniform_small,7,100,rl_rr_k16,0.0,47.0,15,0.0979178999987198,True
W2,ba_uniform_small,7,100,old_tds_model_rr,0.0,75.0,12,0.025451199999224627,True
W2,ba_uniform_small,7,100,rl_rr,1.0,47.0,12,0.026248400001350092,True
W2,ba_uniform_small,7,100,rl_rr_k16,1.0,47.0,12,0.0873621999999159,True
W2,ba_uniform_small,7,100,old_tds_model_rr,1.0,52.0,13,0.02827600000091479,True
W2,ba_uniform_small,8,100,weighted_greedy,,71.0,20,0.00023099999816622585,True
W2,ba_uniform_small,8,100,weighted_greedy_rr,,70.0,19,0.00029720000020461157,True
W2,ba_uniform_small,8,100,rl_rr,0.0,61.0,15,0.032940000000962755,True
W2,ba_uniform_small,8,100,rl_rr_k16,0.0,60.0,14,0.10886949999985518,True
W2,ba_uniform_small,8,100,old_tds_model_rr,0.0,76.0,12,0.027662999997119186,True
W2,ba_uniform_small,8,100,rl_rr,1.0,63.0,16,0.03755970000202069,True
W2,ba_uniform_small,8,100,rl_rr_k16,1.0,60.0,14,0.10451689999899827,True
W2,ba_uniform_small,8,100,old_tds_model_rr,1.0,76.0,12,0.02679530000023078,True
W2,ba_uniform_small,9,100,weighted_greedy,,45.0,17,0.00021079999714856967,True
W2,ba_uniform_small,9,100,weighted_greedy_rr,,42.0,15,0.00025440000172238797,True
W2,ba_uniform_small,9,100,rl_rr,0.0,42.0,15,0.03358010000010836,True
W2,ba_uniform_small,9,100,rl_rr_k16,0.0,40.0,14,0.09880590000102529,True
W2,ba_uniform_small,9,100,old_tds_model_rr,0.0,67.0,13,0.029130900002201088,True
W2,ba_uniform_small,9,100,rl_rr,1.0,43.0,16,0.042058900002302835,True
W2,ba_uniform_small,9,100,rl_rr_k16,1.0,40.0,14,0.11893880000206991,True
W2,ba_uniform_small,9,100,old_tds_model_rr,1.0,47.0,13,0.027450600002339343,True
W2,ba_unit,0,100,weighted_greedy,,16.0,16,0.00027240000054007396,True
W2,ba_unit,0,100,weighted_greedy_rr,,15.0,15,0.00028139999994891696,True
W2,ba_unit,0,100,rl_rr,0.0,15.0,15,0.03165330000047106,True
W2,ba_unit,0,100,rl_rr_k16,0.0,14.0,14,0.09467519999816432,True
W2,ba_unit,0,100,old_tds_model_rr,0.0,15.0,15,0.03236290000131703,True
W2,ba_unit,0,100,rl_rr,1.0,15.0,15,0.03186760000244249,True
W2,ba_unit,0,100,rl_rr_k16,1.0,14.0,14,0.09157330000016373,True
W2,ba_unit,0,100,old_tds_model_rr,1.0,14.0,14,0.029622700003528735,True
W2,ba_unit,1,100,weighted_greedy,,15.0,15,0.0002945000014733523,True
W2,ba_unit,1,100,weighted_greedy_rr,,15.0,15,0.00026109999816981144,True
W2,ba_unit,1,100,rl_rr,0.0,15.0,15,0.03278870000212919,True
W2,ba_unit,1,100,rl_rr_k16,0.0,14.0,14,0.09504349999770056,True
W2,ba_unit,1,100,old_tds_model_rr,0.0,14.0,14,0.030879900004947558,True
W2,ba_unit,1,100,rl_rr,1.0,15.0,15,0.03288599999723374,True
W2,ba_unit,1,100,rl_rr_k16,1.0,14.0,14,0.09656929999982822,True
W2,ba_unit,1,100,old_tds_model_rr,1.0,13.0,13,0.030544199998985277,True
W2,ba_unit,2,100,weighted_greedy,,15.0,15,0.0002808999997796491,True
W2,ba_unit,2,100,weighted_greedy_rr,,15.0,15,0.0002882000007957686,True
W2,ba_unit,2,100,rl_rr,0.0,14.0,14,0.028551299998071045,True
W2,ba_unit,2,100,rl_rr_k16,0.0,13.0,13,0.08920620000208146,True
W2,ba_unit,2,100,old_tds_model_rr,0.0,14.0,14,0.03104150000217487,True
W2,ba_unit,2,100,rl_rr,1.0,14.0,14,0.04079010000350536,True
W2,ba_unit,2,100,rl_rr_k16,1.0,13.0,13,0.09370340000168653,True
W2,ba_unit,2,100,old_tds_model_rr,1.0,13.0,13,0.028614799997740192,True
W2,ba_unit,3,100,weighted_greedy,,15.0,15,0.00023270000019692816,True
W2,ba_unit,3,100,weighted_greedy_rr,,15.0,15,0.00024649999977555126,True
W2,ba_unit,3,100,rl_rr,0.0,13.0,13,0.02737659999911557,True
W2,ba_unit,3,100,rl_rr_k16,0.0,13.0,13,0.08696529999724589,True
W2,ba_unit,3,100,old_tds_model_rr,0.0,14.0,14,0.030270900002506096,True
W2,ba_unit,3,100,rl_rr,1.0,14.0,14,0.030762800000957213,True
W2,ba_unit,3,100,rl_rr_k16,1.0,14.0,14,0.0956478000007337,True
W2,ba_unit,3,100,old_tds_model_rr,1.0,14.0,14,0.02972599999702652,True
W2,ba_unit,4,100,weighted_greedy,,13.0,13,0.0002783999989333097,True
W2,ba_unit,4,100,weighted_greedy_rr,,13.0,13,0.00024839999969117343,True
W2,ba_unit,4,100,rl_rr,0.0,13.0,13,0.028319599998212652,True
W2,ba_unit,4,100,rl_rr_k16,0.0,12.0,12,0.08274359999995795,True
W2,ba_unit,4,100,old_tds_model_rr,0.0,12.0,12,0.025452399997448083,True
W2,ba_unit,4,100,rl_rr,1.0,13.0,13,0.029485700000805082,True
W2,ba_unit,4,100,rl_rr_k16,1.0,12.0,12,0.0895232999973814,True
W2,ba_unit,4,100,old_tds_model_rr,1.0,12.0,12,0.029228400002466515,True
W2,ba_unit,5,100,weighted_greedy,,14.0,14,0.0002410000015515834,True
W2,ba_unit,5,100,weighted_greedy_rr,,13.0,13,0.00026169999910052866,True
W2,ba_unit,5,100,rl_rr,0.0,14.0,14,0.030980400002590613,True
W2,ba_unit,5,100,rl_rr_k16,0.0,13.0,13,0.08806410000033793,True
W2,ba_unit,5,100,old_tds_model_rr,0.0,13.0,13,0.028415799999493174,True
W2,ba_unit,5,100,rl_rr,1.0,13.0,13,0.026225899997371016,True
W2,ba_unit,5,100,rl_rr_k16,1.0,13.0,13,0.08697959999699378,True
W2,ba_unit,5,100,old_tds_model_rr,1.0,13.0,13,0.027372799999284325,True
W2,ba_unit,6,100,weighted_greedy,,12.0,12,0.00020180000137770548,True
W2,ba_unit,6,100,weighted_greedy_rr,,12.0,12,0.0002446999969833996,True
W2,ba_unit,6,100,rl_rr,0.0,12.0,12,0.026071300002513453,True
W2,ba_unit,6,100,rl_rr_k16,0.0,11.0,11,0.08082779999676859,True
W2,ba_unit,6,100,old_tds_model_rr,0.0,12.0,12,0.026748699994641356,True
W2,ba_unit,6,100,rl_rr,1.0,13.0,13,0.02682210000057239,True
W2,ba_unit,6,100,rl_rr_k16,1.0,12.0,12,0.08659450000050128,True
W2,ba_unit,6,100,old_tds_model_rr,1.0,11.0,11,0.022831199999927776,True
W2,ba_unit,7,100,weighted_greedy,,13.0,13,0.0002643000007083174,True
W2,ba_unit,7,100,weighted_greedy_rr,,13.0,13,0.00024249999842140824,True
W2,ba_unit,7,100,rl_rr,0.0,14.0,14,0.02940669999952661,True
W2,ba_unit,7,100,rl_rr_k16,0.0,13.0,13,0.0889311999999336,True
W2,ba_unit,7,100,old_tds_model_rr,0.0,13.0,13,0.02897089999896707,True
W2,ba_unit,7,100,rl_rr,1.0,13.0,13,0.02762040000015986,True
W2,ba_unit,7,100,rl_rr_k16,1.0,13.0,13,0.08735760000126902,True
W2,ba_unit,7,100,old_tds_model_rr,1.0,13.0,13,0.027442400001746137,True
W2,ba_unit,8,100,weighted_greedy,,15.0,15,0.00022610000087297522,True
W2,ba_unit,8,100,weighted_greedy_rr,,15.0,15,0.0002544999988458585,True
W2,ba_unit,8,100,rl_rr,0.0,15.0,15,0.03218349999951897,True
W2,ba_unit,8,100,rl_rr_k16,0.0,14.0,14,0.09946470000068075,True
W2,ba_unit,8,100,old_tds_model_rr,0.0,14.0,14,0.028021099999023136,True
W2,ba_unit,8,100,rl_rr,1.0,14.0,14,0.031282399999327026,True
W2,ba_unit,8,100,rl_rr_k16,1.0,14.0,14,0.10035259999858681,True
W2,ba_unit,8,100,old_tds_model_rr,1.0,14.0,14,0.02971120000074734,True
W2,ba_unit,9,100,weighted_greedy,,12.0,12,0.00026049999723909423,True
W2,ba_unit,9,100,weighted_greedy_rr,,12.0,12,0.0002378999997745268,True
W2,ba_unit,9,100,rl_rr,0.0,12.0,12,0.02614940000057686,True
W2,ba_unit,9,100,rl_rr_k16,0.0,12.0,12,0.08260210000298684,True
W2,ba_unit,9,100,old_tds_model_rr,0.0,12.0,12,0.02428929999950924,True
W2,ba_unit,9,100,rl_rr,1.0,14.0,14,0.02951240000038524,True
W2,ba_unit,9,100,rl_rr_k16,1.0,12.0,12,0.09307999999873573,True
W2,ba_unit,9,100,old_tds_model_rr,1.0,12.0,12,0.02533189999667229,True
W2,er_degree_correlated,0,100,weighted_greedy,,231.0,24,0.0003223999992769677,True
W2,er_degree_correlated,0,100,weighted_greedy_rr,,228.0,23,0.000305800000205636,True
W2,er_degree_correlated,0,100,rl_rr,0.0,211.0,20,0.04234509999878355,True
W2,er_degree_correlated,0,100,rl_rr_k16,0.0,206.0,20,0.1319258000003174,True
W2,er_degree_correlated,0,100,old_tds_model_rr,0.0,300.0,17,0.03600419999929727,True
W2,er_degree_correlated,0,100,rl_rr,1.0,206.0,20,0.040953199997602496,True
W2,er_degree_correlated,0,100,rl_rr_k16,1.0,206.0,20,0.13302280000061728,True
W2,er_degree_correlated,0,100,old_tds_model_rr,1.0,270.0,17,0.037525099996855715,True
W2,er_degree_correlated,1,100,weighted_greedy,,214.0,24,0.0002351000002818182,True
W2,er_degree_correlated,1,100,weighted_greedy_rr,,209.0,23,0.00029400000130408444,True
W2,er_degree_correlated,1,100,rl_rr,0.0,207.0,23,0.046368100000108825,True
W2,er_degree_correlated,1,100,rl_rr_k16,0.0,191.0,17,0.1368765999977768,True
W2,er_degree_correlated,1,100,old_tds_model_rr,0.0,260.0,18,0.03965480000260868,True
W2,er_degree_correlated,1,100,rl_rr,1.0,197.0,21,0.0423553999971773,True
W2,er_degree_correlated,1,100,rl_rr_k16,1.0,191.0,17,0.12699419999989914,True
W2,er_degree_correlated,1,100,old_tds_model_rr,1.0,280.0,19,0.03824249999888707,True
W2,er_degree_correlated,2,100,weighted_greedy,,223.0,22,0.0003871000008075498,True
W2,er_degree_correlated,2,100,weighted_greedy_rr,,223.0,22,0.0003825999992841389,True
W2,er_degree_correlated,2,100,rl_rr,0.0,198.0,17,0.03604600000107894,True
W2,er_degree_correlated,2,100,rl_rr_k16,0.0,195.0,17,0.12582060000204365,True
W2,er_degree_correlated,2,100,old_tds_model_rr,0.0,267.0,18,0.03933069999766303,True
W2,er_degree_correlated,2,100,rl_rr,1.0,211.0,20,0.04393720000007306,True
W2,er_degree_correlated,2,100,rl_rr_k16,1.0,199.0,17,0.12948289999985718,True
W2,er_degree_correlated,2,100,old_tds_model_rr,1.0,215.0,15,0.03241909999997006,True
W2,er_degree_correlated,3,100,weighted_greedy,,229.0,20,0.00031659999876865186,True
W2,er_degree_correlated,3,100,weighted_greedy_rr,,229.0,20,0.0002903000022342894,True
W2,er_degree_correlated,3,100,rl_rr,0.0,219.0,17,0.03468339999744785,True
W2,er_degree_correlated,3,100,rl_rr_k16,0.0,208.0,17,0.10984499999904074,True
W2,er_degree_correlated,3,100,old_tds_model_rr,0.0,237.0,16,0.032661600005667424,True
W2,er_degree_correlated,3,100,rl_rr,1.0,203.0,15,0.03180409999913536,True
W2,er_degree_correlated,3,100,rl_rr_k16,1.0,203.0,15,0.11063189999913448,True
W2,er_degree_correlated,3,100,old_tds_model_rr,1.0,214.0,14,0.028353100002277642,True
W2,er_degree_correlated,4,100,weighted_greedy,,222.0,22,0.0003152999997837469,True
W2,er_degree_correlated,4,100,weighted_greedy_rr,,222.0,22,0.00029180000274209306,True
W2,er_degree_correlated,4,100,rl_rr,0.0,229.0,20,0.042664299999159994,True
W2,er_degree_correlated,4,100,rl_rr_k16,0.0,217.0,19,0.13916729999982635,True
W2,er_degree_correlated,4,100,old_tds_model_rr,0.0,270.0,18,0.03897030000007362,True
W2,er_degree_correlated,4,100,rl_rr,1.0,233.0,19,0.040479200000845594,True
W2,er_degree_correlated,4,100,rl_rr_k16,1.0,220.0,21,0.1352876999990258,True
W2,er_degree_correlated,4,100,old_tds_model_rr,1.0,258.0,18,0.03797189999750117,True
W2,er_degree_correlated,5,100,weighted_greedy,,251.0,24,0.00024730000222916715,True
W2,er_degree_correlated,5,100,weighted_greedy_rr,,246.0,23,0.00035399999978835694,True
W2,er_degree_correlated,5,100,rl_rr,0.0,234.0,22,0.04665270000259625,True
W2,er_degree_correlated,5,100,rl_rr_k16,0.0,224.0,21,0.14304510000147275,True
W2,er_degree_correlated,5,100,old_tds_model_rr,0.0,270.0,16,0.03529570000318927,True
W2,er_degree_correlated,5,100,rl_rr,1.0,241.0,20,0.04242990000057034,True
W2,er_degree_correlated,5,100,rl_rr_k16,1.0,228.0,19,0.1339421000011498,True
W2,er_degree_correlated,5,100,old_tds_model_rr,1.0,254.0,17,0.03762769999957527,True
W2,er_degree_correlated,6,100,weighted_greedy,,232.0,24,0.00023529999816673808,True
W2,er_degree_correlated,6,100,weighted_greedy_rr,,218.0,22,0.00029680000079679303,True
W2,er_degree_correlated,6,100,rl_rr,0.0,227.0,24,0.049564699998882134,True
W2,er_degree_correlated,6,100,rl_rr_k16,0.0,211.0,22,0.14658119999876362,True
W2,er_degree_correlated,6,100,old_tds_model_rr,0.0,264.0,19,0.03840019999552169,True
W2,er_degree_correlated,6,100,rl_rr,1.0,236.0,19,0.0383343999965291,True
W2,er_degree_correlated,6,100,rl_rr_k16,1.0,212.0,21,0.13973279999845545,True
W2,er_degree_correlated,6,100,old_tds_model_rr,1.0,260.0,20,0.04219289999673492,True
W2,er_degree_correlated,7,100,weighted_greedy,,197.0,20,0.00028390000079525635,True
W2,er_degree_correlated,7,100,weighted_greedy_rr,,193.0,19,0.00028790000214939937,True
W2,er_degree_correlated,7,100,rl_rr,0.0,208.0,20,0.043735600000218255,True
W2,er_degree_correlated,7,100,rl_rr_k16,0.0,203.0,19,0.13740099999995437,True
W2,er_degree_correlated,7,100,old_tds_model_rr,0.0,222.0,15,0.031972500000847504,True
W2,er_degree_correlated,7,100,rl_rr,1.0,214.0,19,0.04298170000402024,True
W2,er_degree_correlated,7,100,rl_rr_k16,1.0,200.0,20,0.13348689999838825,True
W2,er_degree_correlated,7,100,old_tds_model_rr,1.0,232.0,16,0.033189499998115934,True
W2,er_degree_correlated,8,100,weighted_greedy,,261.0,26,0.0003327000013086945,True
W2,er_degree_correlated,8,100,weighted_greedy_rr,,243.0,23,0.00031820000003790483,True
W2,er_degree_correlated,8,100,rl_rr,0.0,236.0,19,0.03783339999790769,True
W2,er_degree_correlated,8,100,rl_rr_k16,0.0,206.0,19,0.12662339999951655,True
W2,er_degree_correlated,8,100,old_tds_model_rr,0.0,257.0,17,0.03348580000238144,True
W2,er_degree_correlated,8,100,rl_rr,1.0,213.0,22,0.04366610000215587,True
W2,er_degree_correlated,8,100,rl_rr_k16,1.0,206.0,19,0.1304634999978589,True
W2,er_degree_correlated,8,100,old_tds_model_rr,1.0,239.0,16,0.03186219999770401,True
W2,er_degree_correlated,9,100,weighted_greedy,,233.0,22,0.00024280000070575625,True
W2,er_degree_correlated,9,100,weighted_greedy_rr,,217.0,20,0.00030300000071292743,True
W2,er_degree_correlated,9,100,rl_rr,0.0,237.0,20,0.044057799997972324,True
W2,er_degree_correlated,9,100,rl_rr_k16,0.0,212.0,17,0.1303117999996175,True
W2,er_degree_correlated,9,100,old_tds_model_rr,0.0,258.0,15,0.03301359999750275,True
W2,er_degree_correlated,9,100,rl_rr,1.0,232.0,18,0.040730300002906006,True
W2,er_degree_correlated,9,100,rl_rr_k16,1.0,220.0,19,0.1258722000020498,True
W2,er_degree_correlated,9,100,old_tds_model_rr,1.0,248.0,16,0.033862199998111464,True
W2,er_uniform_int,0,100,weighted_greedy,,487.0,23,0.0002521999995224178,True
W2,er_uniform_int,0,100,weighted_greedy_rr,,468.0,21,0.00028949999978067353,True
W2,er_uniform_int,0,100,rl_rr,0.0,454.0,21,0.045562100003735395,True
W2,er_uniform_int,0,100,rl_rr_k16,0.0,427.0,20,0.14776899999924353,True
W2,er_uniform_int,0,100,old_tds_model_rr,0.0,721.0,15,0.03333280000151717,True
W2,er_uniform_int,0,100,rl_rr,1.0,483.0,21,0.04791590000240831,True
W2,er_uniform_int,0,100,rl_rr_k16,1.0,413.0,20,0.1428754000007757,True
W2,er_uniform_int,0,100,old_tds_model_rr,1.0,676.0,15,0.03380789999573608,True
W2,er_uniform_int,1,100,weighted_greedy,,451.0,23,0.00023860000146669336,True
W2,er_uniform_int,1,100,weighted_greedy_rr,,395.0,20,0.00032419999843114056,True
W2,er_uniform_int,1,100,rl_rr,0.0,384.0,19,0.037550900004134746,True
W2,er_uniform_int,1,100,rl_rr_k16,0.0,378.0,19,0.12249739999970188,True
W2,er_uniform_int,1,100,old_tds_model_rr,0.0,755.0,16,0.03242360000149347,True
W2,er_uniform_int,1,100,rl_rr,1.0,384.0,19,0.0405235000034736,True
W2,er_uniform_int,1,100,rl_rr_k16,1.0,384.0,19,0.12203380000210018,True
W2,er_uniform_int,1,100,old_tds_model_rr,1.0,807.0,16,0.031052199999976438,True
W2,er_uniform_int,2,100,weighted_greedy,,460.0,24,0.00024109999867505394,True
W2,er_uniform_int,2,100,weighted_greedy_rr,,447.0,22,0.00028500000189524144,True
W2,er_uniform_int,2,100,rl_rr,0.0,443.0,20,0.04494230000273092,True
W2,er_uniform_int,2,100,rl_rr_k16,0.0,429.0,20,0.14394099999844912,True
W2,er_uniform_int,2,100,old_tds_model_rr,0.0,684.0,16,0.03381189999709022,True
W2,er_uniform_int,2,100,rl_rr,1.0,447.0,22,0.045664099998248275,True
W2,er_uniform_int,2,100,rl_rr_k16,1.0,433.0,20,0.14210200000161421,True
W2,er_uniform_int,2,100,old_tds_model_rr,1.0,952.0,17,0.03512620000037714,True
W2,er_uniform_int,3,100,weighted_greedy,,535.0,24,0.0002994999995280523,True
W2,er_uniform_int,3,100,weighted_greedy_rr,,529.0,22,0.00028329999986453913,True
W2,er_uniform_int,3,100,rl_rr,0.0,517.0,20,0.04571099999884609,True
W2,er_uniform_int,3,100,rl_rr_k16,0.0,509.0,20,0.13761650000014924,True
W2,er_uniform_int,3,100,old_tds_model_rr,0.0,923.0,16,0.0337005000001227,True
W2,er_uniform_int,3,100,rl_rr,1.0,509.0,21,0.04820159999871976,True
W2,er_uniform_int,3,100,rl_rr_k16,1.0,497.0,20,0.15068969999992987,True
W2,er_uniform_int,3,100,old_tds_model_rr,1.0,763.0,16,0.034976999999344116,True
W2,er_uniform_int,4,100,weighted_greedy,,561.0,28,0.0002669000023161061,True
W2,er_uniform_int,4,100,weighted_greedy_rr,,497.0,23,0.0003003999991051387,True
W2,er_uniform_int,4,100,rl_rr,0.0,512.0,23,0.05375449999701232,True
W2,er_uniform_int,4,100,rl_rr_k16,0.0,496.0,22,0.15617890000066836,True
W2,er_uniform_int,4,100,old_tds_model_rr,0.0,949.0,19,0.04135610000230372,True
W2,er_uniform_int,4,100,rl_rr,1.0,508.0,22,0.05070010000054026,True
W2,er_uniform_int,4,100,rl_rr_k16,1.0,495.0,24,0.15815700000166544,True
W2,er_uniform_int,4,100,old_tds_model_rr,1.0,907.0,17,0.03749939999761409,True
W2,er_uniform_int,5,100,weighted_greedy,,539.0,27,0.00022229999740375206,True
W2,er_uniform_int,5,100,weighted_greedy_rr,,457.0,20,0.0002917000019806437,True
W2,er_uniform_int,5,100,rl_rr,0.0,448.0,19,0.04521920000115642,True
W2,er_uniform_int,5,100,rl_rr_k16,0.0,448.0,19,0.14549930000066524,True
W2,er_uniform_int,5,100,old_tds_model_rr,0.0,756.0,15,0.033322300001600524,True
W2,er_uniform_int,5,100,rl_rr,1.0,492.0,22,0.04799940000521019,True
W2,er_uniform_int,5,100,rl_rr_k16,1.0,445.0,20,0.152140900001541,True
W2,er_uniform_int,5,100,old_tds_model_rr,1.0,810.0,16,0.035695599999598926,True
W2,er_uniform_int,6,100,weighted_greedy,,479.0,26,0.00020510000103968196,True
W2,er_uniform_int,6,100,weighted_greedy_rr,,454.0,24,0.000269199998001568,True
W2,er_uniform_int,6,100,rl_rr,0.0,439.0,24,0.046873499999492196,True
W2,er_uniform_int,6,100,rl_rr_k16,0.0,427.0,23,0.14762379999956465,True
W2,er_uniform_int,6,100,old_tds_model_rr,0.0,840.0,17,0.036012500004289905,True
W2,er_uniform_int,6,100,rl_rr,1.0,439.0,24,0.04925399999774527,True
W2,er_uniform_int,6,100,rl_rr_k16,1.0,427.0,23,0.14988129999983357,True
W2,er_uniform_int,6,100,old_tds_model_rr,1.0,876.0,18,0.03682710000066436,True
W2,er_uniform_int,7,100,weighted_greedy,,537.0,24,0.0002583999994385522,True
W2,er_uniform_int,7,100,weighted_greedy_rr,,513.0,22,0.0002798000023176428,True
W2,er_uniform_int,7,100,rl_rr,0.0,466.0,21,0.04547849999653408,True
W2,er_uniform_int,7,100,rl_rr_k16,0.0,443.0,18,0.14181829999870388,True
W2,er_uniform_int,7,100,old_tds_model_rr,0.0,804.0,17,0.03534349999972619,True
W2,er_uniform_int,7,100,rl_rr,1.0,459.0,21,0.04832130000067991,True
W2,er_uniform_int,7,100,rl_rr_k16,1.0,443.0,18,0.1517399000003934,True
W2,er_uniform_int,7,100,old_tds_model_rr,1.0,694.0,16,0.03400289999990491,True
W2,er_uniform_int,8,100,weighted_greedy,,501.0,24,0.0002137000010407064,True
W2,er_uniform_int,8,100,weighted_greedy_rr,,485.0,21,0.00027919999774894677,True
W2,er_uniform_int,8,100,rl_rr,0.0,476.0,20,0.04984309999781544,True
W2,er_uniform_int,8,100,rl_rr_k16,0.0,437.0,19,0.13866939999934402,True
W2,er_uniform_int,8,100,old_tds_model_rr,0.0,819.0,15,0.031582399999024346,True
W2,er_uniform_int,8,100,rl_rr,1.0,509.0,21,0.04399139999804902,True
W2,er_uniform_int,8,100,rl_rr_k16,1.0,445.0,19,0.1354618000004848,True
W2,er_uniform_int,8,100,old_tds_model_rr,1.0,775.0,15,0.03241870000056224,True
W2,er_uniform_int,9,100,weighted_greedy,,402.0,22,0.00028279999969527125,True
W2,er_uniform_int,9,100,weighted_greedy_rr,,348.0,19,0.0002798000023176428,True
W2,er_uniform_int,9,100,rl_rr,0.0,364.0,20,0.04309160000047996,True
W2,er_uniform_int,9,100,rl_rr_k16,0.0,343.0,19,0.12363559999721474,True
W2,er_uniform_int,9,100,old_tds_model_rr,0.0,624.0,16,0.03287799999816343,True
W2,er_uniform_int,9,100,rl_rr,1.0,348.0,19,0.04024280000157887,True
W2,er_uniform_int,9,100,rl_rr_k16,1.0,343.0,19,0.12610660000063945,True
W2,er_uniform_int,9,100,old_tds_model_rr,1.0,624.0,16,0.031132399995840387,True
W2,er_uniform_small,0,100,weighted_greedy,,63.0,29,0.00029039999935775995,True
W2,er_uniform_small,0,100,weighted_greedy_rr,,55.0,24,0.0003056999994441867,True
W2,er_uniform_small,0,100,rl_rr,0.0,55.0,24,0.051705600002605934,True
W2,er_uniform_small,0,100,rl_rr_k16,0.0,52.0,22,0.15952130000005127,True
W2,er_uniform_small,0,100,old_tds_model_rr,0.0,91.0,17,0.036689900000055786,True
W2,er_uniform_small,0,100,rl_rr,1.0,57.0,26,0.05581839999649674,True
W2,er_uniform_small,0,100,rl_rr_k16,1.0,51.0,22,0.16496419999748468,True
W2,er_uniform_small,0,100,old_tds_model_rr,1.0,106.0,17,0.03509680000206572,True
W2,er_uniform_small,1,100,weighted_greedy,,71.0,26,0.0003162000029988121,True
W2,er_uniform_small,1,100,weighted_greedy_rr,,68.0,24,0.0003065000018978026,True
W2,er_uniform_small,1,100,rl_rr,0.0,65.0,24,0.05150180000055116,True
W2,er_uniform_small,1,100,rl_rr_k16,0.0,64.0,23,0.15231889999995474,True
W2,er_uniform_small,1,100,old_tds_model_rr,0.0,89.0,16,0.03317539999625296,True
W2,er_uniform_small,1,100,rl_rr,1.0,69.0,22,0.05197109999789973,True
W2,er_uniform_small,1,100,rl_rr_k16,1.0,61.0,20,0.15658600000097067,True
W2,er_uniform_small,1,100,old_tds_model_rr,1.0,89.0,16,0.03431989999808138,True
W2,er_uniform_small,2,100,weighted_greedy,,45.0,25,0.00021909999850322492,True
W2,er_uniform_small,2,100,weighted_greedy_rr,,43.0,23,0.00029100000028847717,True
W2,er_uniform_small,2,100,rl_rr,0.0,44.0,22,0.04608200000075158,True
W2,er_uniform_small,2,100,rl_rr_k16,0.0,40.0,20,0.14531709999937448,True
W2,er_uniform_small,2,100,old_tds_model_rr,0.0,91.0,17,0.035519299995939946,True
W2,er_uniform_small,2,100,rl_rr,1.0,43.0,22,0.0523496999994677,True
W2,er_uniform_small,2,100,rl_rr_k16,1.0,42.0,22,0.14983310000025085,True
W2,er_uniform_small,2,100,old_tds_model_rr,1.0,72.0,17,0.03766840000025695,True
W2,er_uniform_small,3,100,weighted_greedy,,74.0,26,0.00023610000062035397,True
W2,er_uniform_small,3,100,weighted_greedy_rr,,69.0,23,0.00030440000045928173,True
W2,er_uniform_small,3,100,rl_rr,0.0,69.0,23,0.04789760000130627,True
W2,er_uniform_small,3,100,rl_rr_k16,0.0,68.0,22,0.14875970000139205,True
W2,er_uniform_small,3,100,old_tds_model_rr,0.0,101.0,16,0.03604240000277059,True
W2,er_uniform_small,3,100,rl_rr,1.0,68.0,22,0.04947429999810993,True
W2,er_uniform_small,3,100,rl_rr_k16,1.0,67.0,21,0.15094119999776012,True
W2,er_uniform_small,3,100,old_tds_model_rr,1.0,90.0,17,0.037798000001203036,True
W2,er_uniform_small,4,100,weighted_greedy,,65.0,29,0.0004537999993772246,True
W2,er_uniform_small,4,100,weighted_greedy_rr,,60.0,24,0.00044970000089961104,True
W2,er_uniform_small,4,100,rl_rr,0.0,61.0,24,0.05558039999959874,True
W2,er_uniform_small,4,100,rl_rr_k16,0.0,60.0,24,0.1713426000023901,True
W2,er_uniform_small,4,100,old_tds_model_rr,0.0,92.0,17,0.03638660000069649,True
W2,er_uniform_small,4,100,rl_rr,1.0,64.0,23,0.05270040000323206,True
W2,er_uniform_small,4,100,rl_rr_k16,1.0,60.0,24,0.17313429999921937,True
W2,er_uniform_small,4,100,old_tds_model_rr,1.0,85.0,17,0.03808950000166078,True
W2,er_uniform_small,5,100,weighted_greedy,,59.0,23,0.0002824000002874527,True
W2,er_uniform_small,5,100,weighted_greedy_rr,,57.0,21,0.00029659999927389435,True
W2,er_uniform_small,5,100,rl_rr,0.0,59.0,24,0.05421340000248165,True
W2,er_uniform_small,5,100,rl_rr_k16,0.0,49.0,19,0.15539949999947567,True
W2,er_uniform_small,5,100,old_tds_model_rr,0.0,68.0,18,0.04004919999715639,True
W2,er_uniform_small,5,100,rl_rr,1.0,53.0,19,0.044526900001073955,True
W2,er_uniform_small,5,100,rl_rr_k16,1.0,50.0,20,0.14420089999839547,True
W2,er_uniform_small,5,100,old_tds_model_rr,1.0,83.0,18,0.037733199998911005,True
W2,er_uniform_small,6,100,weighted_greedy,,62.0,28,0.0002672000009624753,True
W2,er_uniform_small,6,100,weighted_greedy_rr,,53.0,23,0.00037959999826853164,True
W2,er_uniform_small,6,100,rl_rr,0.0,50.0,20,0.04399559999728808,True
W2,er_uniform_small,6,100,rl_rr_k16,0.0,50.0,20,0.1435295999981463,True
W2,er_uniform_small,6,100,old_tds_model_rr,0.0,87.0,17,0.036302900000009686,True
W2,er_uniform_small,6,100,rl_rr,1.0,54.0,23,0.04856099999960861,True
W2,er_uniform_small,6,100,rl_rr_k16,1.0,50.0,20,0.1525262000031944,True
W2,er_uniform_small,6,100,old_tds_model_rr,1.0,84.0,17,0.03503659999842057,True
W2,er_uniform_small,7,100,weighted_greedy,,59.0,22,0.0002922000021499116,True
W2,er_uniform_small,7,100,weighted_greedy_rr,,50.0,17,0.00028469999961089343,True
W2,er_uniform_small,7,100,rl_rr,0.0,50.0,17,0.0398198000038974,True
W2,er_uniform_small,7,100,rl_rr_k16,0.0,50.0,17,0.1231329000002006,True
W2,er_uniform_small,7,100,old_tds_model_rr,0.0,84.0,15,0.032250200001726625,True
W2,er_uniform_small,7,100,rl_rr,1.0,52.0,19,0.041543999999703374,True
W2,er_uniform_small,7,100,rl_rr_k16,1.0,50.0,17,0.1273708999979135,True
W2,er_uniform_small,7,100,old_tds_model_rr,1.0,73.0,16,0.036571500000718515,True
W2,er_uniform_small,8,100,weighted_greedy,,52.0,19,0.00021879999985685572,True
W2,er_uniform_small,8,100,weighted_greedy_rr,,51.0,18,0.00027739999859477393,True
W2,er_uniform_small,8,100,rl_rr,0.0,51.0,18,0.037708600004407344,True
W2,er_uniform_small,8,100,rl_rr_k16,0.0,50.0,17,0.11958260000028531,True
W2,er_uniform_small,8,100,old_tds_model_rr,0.0,86.0,17,0.03646659999867552,True
W2,er_uniform_small,8,100,rl_rr,1.0,51.0,18,0.03959549999854062,True
W2,er_uniform_small,8,100,rl_rr_k16,1.0,51.0,18,0.1256204000019352,True
W2,er_uniform_small,8,100,old_tds_model_rr,1.0,59.0,15,0.03375439999945229,True
W2,er_uniform_small,9,100,weighted_greedy,,59.0,24,0.00026619999698596075,True
W2,er_uniform_small,9,100,weighted_greedy_rr,,57.0,23,0.00030110000079730526,True
W2,er_uniform_small,9,100,rl_rr,0.0,55.0,21,0.056786499997542705,True
W2,er_uniform_small,9,100,rl_rr_k16,0.0,55.0,21,0.1599052000019583,True
W2,er_uniform_small,9,100,old_tds_model_rr,0.0,79.0,17,0.038940399997954955,True
W2,er_uniform_small,9,100,rl_rr,1.0,56.0,22,0.050052500002493616,True
W2,er_uniform_small,9,100,rl_rr_k16,1.0,55.0,21,0.15582160000121803,True
W2,er_uniform_small,9,100,old_tds_model_rr,1.0,77.0,17,0.03742510000301991,True
W2,er_unit,0,100,weighted_greedy,,17.0,17,0.00025240000104531646,True
W2,er_unit,0,100,weighted_greedy_rr,,17.0,17,0.0002917000019806437,True
W2,er_unit,0,100,rl_rr,0.0,15.0,15,0.03140949999942677,True
W2,er_unit,0,100,rl_rr_k16,0.0,15.0,15,0.1039597999988473,True
W2,er_unit,0,100,old_tds_model_rr,0.0,16.0,16,0.03346109999984037,True
W2,er_unit,0,100,rl_rr,1.0,15.0,15,0.030825099998764927,True
W2,er_unit,0,100,rl_rr_k16,1.0,15.0,15,0.10762529999919934,True
W2,er_unit,0,100,old_tds_model_rr,1.0,16.0,16,0.03351029999976163,True
W2,er_unit,1,100,weighted_greedy,,20.0,20,0.0003341999981785193,True
W2,er_unit,1,100,weighted_greedy_rr,,19.0,19,0.00032720000308472663,True
W2,er_unit,1,100,rl_rr,0.0,18.0,18,0.03665710000132094,True
W2,er_unit,1,100,rl_rr_k16,0.0,17.0,17,0.12066360000244458,True
W2,er_unit,1,100,old_tds_model_rr,0.0,18.0,18,0.03723069999978179,True
W2,er_unit,1,100,rl_rr,1.0,19.0,19,0.03974200000084238,True
W2,er_unit,1,100,rl_rr_k16,1.0,17.0,17,0.12237250000180211,True
W2,er_unit,1,100,old_tds_model_rr,1.0,17.0,17,0.03799940000317292,True
W2,er_unit,2,100,weighted_greedy,,20.0,20,0.00031460000172955915,True
W2,er_unit,2,100,weighted_greedy_rr,,19.0,19,0.00031210000088321976,True
W2,er_unit,2,100,rl_rr,0.0,18.0,18,0.03952419999768608,True
W2,er_unit,2,100,rl_rr_k16,0.0,17.0,17,0.12225819999730447,True
W2,er_unit,2,100,old_tds_model_rr,0.0,19.0,19,0.0401036999974167,True
W2,er_unit,2,100,rl_rr,1.0,17.0,17,0.037696800001867814,True
W2,er_unit,2,100,rl_rr_k16,1.0,17.0,17,0.11886409999715397,True
W2,er_unit,2,100,old_tds_model_rr,1.0,17.0,17,0.03575699999782955,True
W2,er_unit,3,100,weighted_greedy,,20.0,20,0.00031820000003790483,True
W2,er_unit,3,100,weighted_greedy_rr,,20.0,20,0.00029709999944316223,True
W2,er_unit,3,100,rl_rr,0.0,18.0,18,0.03729099999691243,True
W2,er_unit,3,100,rl_rr_k16,0.0,18.0,18,0.12297249999755877,True
W2,er_unit,3,100,old_tds_model_rr,0.0,17.0,17,0.036888899998302804,True
W2,er_unit,3,100,rl_rr,1.0,19.0,19,0.0405148999998346,True
W2,er_unit,3,100,rl_rr_k16,1.0,17.0,17,0.12852379999822006,True
W2,er_unit,3,100,old_tds_model_rr,1.0,19.0,19,0.04287619999740855,True
W2,er_unit,4,100,weighted_greedy,,17.0,17,0.00034580000283312984,True
W2,er_unit,4,100,weighted_greedy_rr,,17.0,17,0.0003329999999550637,True
W2,er_unit,4,100,rl_rr,0.0,18.0,18,0.038035400000808295,True
W2,er_unit,4,100,rl_rr_k16,0.0,17.0,17,0.12198600000192528,True
W2,er_unit,4,100,old_tds_model_rr,0.0,17.0,17,0.03742419999980484,True
W2,er_unit,4,100,rl_rr,1.0,20.0,20,0.04468339999948512,True
W2,er_unit,4,100,rl_rr_k16,1.0,17.0,17,0.1314063999998325,True
W2,er_unit,4,100,old_tds_model_rr,1.0,17.0,17,0.036121600001933984,True
W2,er_unit,5,100,weighted_greedy,,19.0,19,0.0003120000001217704,True
W2,er_unit,5,100,weighted_greedy_rr,,18.0,18,0.0003041000018129125,True
W2,er_unit,5,100,rl_rr,0.0,19.0,19,0.039274200000363635,True
W2,er_unit,5,100,rl_rr_k16,0.0,18.0,18,0.11845380000158912,True
W2,er_unit,5,100,old_tds_model_rr,0.0,19.0,19,0.03707949999443372,True
W2,er_unit,5,100,rl_rr,1.0,18.0,18,0.036025000001245644,True
W2,er_unit,5,100,rl_rr_k16,1.0,18.0,18,0.12059690000023693,True
W2,er_unit,5,100,old_tds_model_rr,1.0,18.0,18,0.03660689999742317,True
W2,er_unit,6,100,weighted_greedy,,18.0,18,0.0002482999989297241,True
W2,er_unit,6,100,weighted_greedy_rr,,17.0,17,0.000303700002405094,True
W2,er_unit,6,100,rl_rr,0.0,17.0,17,0.03659889999835286,True
W2,er_unit,6,100,rl_rr_k16,0.0,16.0,16,0.11727389999941806,True
W2,er_unit,6,100,old_tds_model_rr,0.0,18.0,18,0.03815720000420697,True
W2,er_unit,6,100,rl_rr,1.0,20.0,20,0.04270199999882607,True
W2,er_unit,6,100,rl_rr_k16,1.0,17.0,17,0.12635690000024624,True
W2,er_unit,6,100,old_tds_model_rr,1.0,17.0,17,0.03566069999942556,True
W2,er_unit,7,100,weighted_greedy,,17.0,17,0.0003082000002905261,True
W2,er_unit,7,100,weighted_greedy_rr,,17.0,17,0.0002907999987655785,True
W2,er_unit,7,100,rl_rr,0.0,17.0,17,0.03700369999933173,True
W2,er_unit,7,100,rl_rr_k16,0.0,17.0,17,0.11307640000086394,True
W2,er_unit,7,100,old_tds_model_rr,0.0,17.0,17,0.036954100000002654,True
W2,er_unit,7,100,rl_rr,1.0,18.0,18,0.03786899999977322,True
W2,er_unit,7,100,rl_rr_k16,1.0,17.0,17,0.12581499999942025,True
W2,er_unit,7,100,old_tds_model_rr,1.0,17.0,17,0.03814220000276691,True
W2,er_unit,8,100,weighted_greedy,,18.0,18,0.0003676000014820602,True
W2,er_unit,8,100,weighted_greedy_rr,,18.0,18,0.00033289999919361435,True
W2,er_unit,8,100,rl_rr,0.0,17.0,17,0.03654550000283052,True
W2,er_unit,8,100,rl_rr_k16,0.0,16.0,16,0.11416570000073989,True
W2,er_unit,8,100,old_tds_model_rr,0.0,16.0,16,0.03393989999676705,True
W2,er_unit,8,100,rl_rr,1.0,18.0,18,0.03682429999753367,True
W2,er_unit,8,100,rl_rr_k16,1.0,17.0,17,0.12196949999997742,True
W2,er_unit,8,100,old_tds_model_rr,1.0,17.0,17,0.03581380000105128,True
W2,er_unit,9,100,weighted_greedy,,19.0,19,0.0003102999980910681,True
W2,er_unit,9,100,weighted_greedy_rr,,19.0,19,0.0002844000009645242,True
W2,er_unit,9,100,rl_rr,0.0,20.0,20,0.04312059999938356,True
W2,er_unit,9,100,rl_rr_k16,0.0,18.0,18,0.12948709999909624,True
W2,er_unit,9,100,old_tds_model_rr,0.0,19.0,19,0.04110459999719751,True
W2,er_unit,9,100,rl_rr,1.0,20.0,20,0.04362849999961327,True
W2,er_unit,9,100,rl_rr_k16,1.0,18.0,18,0.13140299999940908,True
W2,er_unit,9,100,old_tds_model_rr,1.0,18.0,18,0.036978399999497924,True
W3,lattices,0,100,weighted_greedy,,1275.0,36,0.00023009999858913943,True
W3,lattices,0,100,weighted_greedy_rr,,1258.0,35,0.0002451999971526675,True
W3,lattices,0,100,weighted_greedy_rr_ls,,1258.0,35,0.0005653000007441733,True
W3,lattices,0,100,unweighted_greedy_rr,,2026.0,34,0.0002299999978276901,True
W3,lattices,0,100,rl_rr,0.0,1215.0,34,0.07707479999953648,True
W3,lattices,0,100,rl_rr_ls,0.0,1215.0,34,0.07746520000000601,True
W3,lattices,0,100,rl_rr_k16,0.0,1208.0,34,0.21788569999989704,True
W3,lattices,0,100,rl_rr_ls_k16,0.0,1208.0,34,0.2148287000018172,True
W3,lattices,0,100,old_tds_model_rr,0.0,1820.0,36,0.07442480000099749,True
W3,lattices,0,100,rl_rr,1.0,1254.0,35,0.08051960000011604,True
W3,lattices,0,100,rl_rr_ls,1.0,1246.0,35,0.08102099999814527,True
W3,lattices,0,100,rl_rr_k16,1.0,1237.0,34,0.207939299998543,True
W3,lattices,0,100,rl_rr_ls_k16,1.0,1237.0,34,0.21022240000093007,True
W3,lattices,0,100,old_tds_model_rr,1.0,1499.0,34,0.07270600000265404,True
W3,lattices,1,400,weighted_greedy,,4254.0,157,0.0005673999985447153,True
W3,lattices,1,400,weighted_greedy_rr,,3978.0,138,0.000910699996893527,True
W3,lattices,1,400,weighted_greedy_rr_ls,,3864.0,129,0.004682599999796366,True
W3,lattices,1,400,unweighted_greedy_rr,,6703.0,124,0.00102100000003702,True
W3,lattices,1,400,rl_rr,0.0,4079.0,141,0.30584319999979925,True
W3,lattices,1,400,rl_rr_ls,0.0,3935.0,132,0.310379999998986,True
W3,lattices,1,400,rl_rr_k16,0.0,4005.0,137,1.2382499999985157,True
W3,lattices,1,400,rl_rr_ls_k16,0.0,3937.0,131,1.214594599998236,True
W3,lattices,1,400,old_tds_model_rr,0.0,5451.0,136,0.2856182999967132,True
W3,lattices,1,400,rl_rr,1.0,3974.0,134,0.311161000001448,True
W3,lattices,1,400,rl_rr_ls,1.0,3932.0,132,0.31607879999864963,True
W3,lattices,1,400,rl_rr_k16,1.0,3954.0,133,1.224884999999631,True
W3,lattices,1,400,rl_rr_ls_k16,1.0,3889.0,129,1.22224450000067,True
W3,lattices,1,400,old_tds_model_rr,1.0,4743.0,132,0.27563649999865447,True
W3,lattices,2,100,weighted_greedy,,1209.0,36,0.0002055000004475005,True
W3,lattices,2,100,weighted_greedy_rr,,1167.0,33,0.0002779000024020206,True
W3,lattices,2,100,weighted_greedy_rr_ls,,1074.0,31,0.0015765999996801838,True
W3,lattices,2,100,unweighted_greedy_rr,,1687.0,26,0.0002739000010478776,True
W3,lattices,2,100,rl_rr,0.0,1055.0,31,0.06713269999454496,True
W3,lattices,2,100,rl_rr_ls,0.0,1055.0,31,0.06763929999215179,True
W3,lattices,2,100,rl_rr_k16,0.0,1055.0,31,0.18120490000001155,True
W3,lattices,2,100,rl_rr_ls_k16,0.0,1055.0,31,0.18562939999901573,True
W3,lattices,2,100,old_tds_model_rr,0.0,1612.0,26,0.05315329999939422,True
W3,lattices,2,100,rl_rr,1.0,1103.0,31,0.06933530000242172,True
W3,lattices,2,100,rl_rr_ls,1.0,1084.0,30,0.07081190000099014,True
W3,lattices,2,100,rl_rr_k16,1.0,1085.0,31,0.18190920000051847,True
W3,lattices,2,100,rl_rr_ls_k16,1.0,1061.0,29,0.18530180000016117,True
W3,lattices,2,100,old_tds_model_rr,1.0,1256.0,27,0.05735320000167121,True
W3,lattices,3,400,weighted_greedy,,2567.0,125,0.0007808000009390526,True
W3,lattices,3,400,weighted_greedy_rr,,2456.0,114,0.0009800000007089693,True
W3,lattices,3,400,weighted_greedy_rr_ls,,2385.0,107,0.008227099999203347,True
W3,lattices,3,400,unweighted_greedy_rr,,5123.0,104,0.0009950999992724974,True
W3,lattices,3,400,rl_rr,0.0,2431.0,112,0.23762909999641124,True
W3,lattices,3,400,rl_rr_ls,0.0,2399.0,108,0.24190119999548187,True
W3,lattices,3,400,rl_rr_k16,0.0,2415.0,109,1.0463812000016333,True
W3,lattices,3,400,rl_rr_ls_k16,0.0,2409.0,106,1.0670738000007987,True
W3,lattices,3,400,old_tds_model_rr,0.0,3812.0,102,0.22911739999835845,True
W3,lattices,3,400,rl_rr,1.0,2450.0,112,0.25997459999780403,True
W3,lattices,3,400,rl_rr_ls,1.0,2416.0,109,0.2653338999989501,True
W3,lattices,3,400,rl_rr_k16,1.0,2446.0,112,1.133322899997438,True
W3,lattices,3,400,rl_rr_ls_k16,1.0,2416.0,109,1.1386894000024768,True
W3,lattices,3,400,old_tds_model_rr,1.0,3022.0,104,0.21833569999944302,True
W4,ba_n5000,0,5000,weighted_greedy,,26976.0,1033,0.009870699999737553,True
W4,ba_n5000,0,5000,weighted_greedy_rr,,25683.0,876,0.012385500001983019,True
W4,ba_n5000,0,5000,rl_rr,0.0,25246.0,825,0.9531762000005983,True
W4,ba_n5000,0,5000,rl_rr,1.0,25578.0,834,0.9445322999999917,True
